"id","race","age","engnat","gender","hand","source","country","E1","E2","E3","E4","E5","E6","E7","E8","E9","E10","N1","N2","N3","N4","N5","N6","N7","N8","N9","N10","A1","A2","A3","A4","A5","A6","A7","A8","A9","A10","C1","C2","C3","C4","C5","C6","C7","C8","C9","C10","O1","O2","O3","O4","O5","O6","O7","O8","O9","O10","AgreeablenessSum","OpennessSum","ExtraversionSum","ConscSum","NeuroSum","continent"
1,13,26,2,1,1,2,"ZA",1,3,2,4,2,3,1,4,2,5,4,3,5,4,3,4,3,3,4,4,2,3,2,3,4,4,2,1,3,2,3,5,3,3,1,5,3,4,1,2,5,3,5,2,5,1,3,4,5,5,26,38,27,30,37,"Africa"
2,13,21,2,2,1,1,"KE",3,3,4,4,4,3,5,4,2,5,3,3,5,3,3,3,2,2,3,3,1,4,1,5,1,5,1,4,4,3,4,3,4,1,4,3,4,3,3,3,2,2,4,1,5,1,3,1,5,5,29,29,37,32,30,"Africa"
3,13,19,2,1,1,1,"ZA",1,5,1,5,1,1,1,5,2,5,1,5,4,5,2,1,1,1,2,1,5,2,4,2,4,2,5,1,2,3,4,2,5,4,2,4,2,4,1,2,5,1,5,1,5,1,5,4,5,5,30,37,27,30,23,"Africa"
4,13,30,2,2,1,1,"ZW",2,3,2,3,3,3,3,1,1,5,5,3,5,2,4,4,4,2,3,3,4,4,1,4,2,4,1,4,4,4,4,1,5,1,4,5,5,2,4,4,3,3,5,3,4,1,4,3,5,3,32,34,26,35,35,"Africa"
5,13,19,2,1,1,1,"EG",1,2,1,4,1,5,3,3,4,2,5,2,3,1,3,5,5,4,4,3,3,3,2,4,1,5,3,3,5,3,3,1,5,4,3,5,4,3,5,5,2,3,5,3,3,1,5,5,3,4,32,34,26,38,35,"Africa"
6,3,38,1,2,1,1,"ZA",2,3,3,3,3,2,1,3,3,5,4,2,5,2,4,4,5,3,5,4,1,5,4,4,2,5,1,5,5,5,3,5,3,3,3,4,3,1,3,4,5,1,5,1,5,1,5,5,5,5,37,38,28,32,38,"Africa"
7,6,35,2,1,1,1,"EG",1,5,1,5,1,5,1,5,2,5,5,2,5,5,5,5,4,4,5,5,4,1,1,5,5,5,5,3,5,2,4,2,1,5,5,4,5,3,1,4,1,4,4,4,5,5,3,2,5,5,36,38,31,34,45,"Africa"
8,3,20,1,1,1,1,"ZA",3,3,3,3,4,2,4,3,4,5,3,5,2,3,5,3,2,2,4,2,1,4,1,4,2,4,2,4,4,3,2,4,2,4,2,1,4,4,2,2,4,2,5,2,4,1,3,4,4,5,29,34,34,27,31,"Africa"
9,12,30,2,1,1,2,"ZA",4,2,5,2,5,2,5,3,5,2,1,5,3,5,1,1,1,1,1,1,1,5,1,5,1,5,1,5,5,5,5,1,5,1,5,2,3,1,5,5,5,1,5,1,5,1,5,2,5,5,34,35,35,33,20,"Africa"
10,6,16,1,2,1,1,"NG",1,5,1,2,5,5,1,1,5,5,3,1,5,1,1,1,5,3,5,5,5,5,1,5,1,5,1,5,5,5,5,1,5,1,1,1,5,3,5,5,5,3,5,1,5,1,5,1,5,5,38,36,31,32,30,"Africa"
11,6,22,2,2,1,1,"MA",4,4,4,2,4,5,5,3,5,3,2,3,2,3,2,2,3,1,3,1,2,2,1,3,3,2,1,1,3,4,3,4,4,1,4,4,4,1,3,5,4,1,5,1,5,1,5,1,3,5,22,31,39,33,22,"Africa"
12,13,15,1,2,3,1,"KE",1,5,2,5,2,5,1,4,2,5,3,2,4,3,3,4,3,3,5,3,3,3,2,4,3,3,3,3,3,2,3,1,3,3,3,3,4,2,3,3,4,2,5,3,4,2,5,4,5,4,29,38,32,28,33,"Africa"
13,13,32,2,2,1,2,"UG",1,4,3,4,2,3,1,3,1,5,4,3,4,3,4,3,4,5,5,4,1,5,1,5,1,5,1,5,5,4,4,1,5,1,4,1,5,4,5,5,5,1,5,3,5,1,5,4,5,5,33,39,27,35,39,"Africa"
14,12,22,1,2,1,1,"GH",3,1,5,1,4,1,3,4,4,4,4,2,4,2,3,1,1,1,1,1,1,5,1,5,1,5,1,5,5,1,4,1,4,1,3,3,3,1,1,4,4,1,5,1,4,1,3,1,4,4,30,28,30,25,20,"Africa"
15,12,40,2,2,1,1,"NG",1,2,5,1,5,1,1,2,5,2,2,4,4,4,1,4,1,1,4,1,1,4,1,5,1,5,1,5,4,5,4,4,4,1,2,4,2,1,4,4,4,2,5,2,5,1,5,1,4,4,32,33,25,30,26,"Africa"
16,3,45,2,2,1,5,"ZA",3,2,5,2,5,1,4,1,5,5,2,4,4,2,1,1,1,1,1,1,2,5,1,5,1,4,1,5,5,3,4,1,4,1,5,1,5,1,5,5,3,1,4,1,5,1,5,3,5,4,32,32,33,32,18,"Africa"
17,12,28,1,2,1,1,"NG",1,3,4,3,2,2,1,5,1,3,3,3,4,2,5,4,4,4,4,3,5,4,1,5,1,5,1,5,5,4,5,1,5,1,5,5,5,1,4,5,5,4,5,3,4,5,4,4,5,4,36,43,25,37,36,"Africa"
18,12,35,1,1,1,1,"ZA",1,5,5,5,5,5,5,5,5,5,1,1,1,1,1,1,1,1,1,1,1,5,1,5,1,5,1,5,5,5,5,1,5,5,5,1,5,1,5,5,5,1,3,3,5,1,5,1,5,5,34,34,46,38,10,"Africa"
19,13,16,2,2,1,5,"GH",1,1,5,4,5,1,4,4,5,4,1,5,1,1,1,1,3,1,4,1,5,5,1,5,1,5,1,5,5,5,5,1,5,1,5,1,5,1,3,5,5,1,5,2,5,1,5,2,4,5,38,35,34,32,19,"Africa"
20,3,31,2,2,1,1,"ZA",3,4,3,2,1,4,1,3,3,5,4,3,4,2,4,4,5,4,5,2,3,3,3,3,4,4,4,2,3,3,2,4,5,4,2,4,4,2,2,4,3,1,5,1,5,1,5,2,5,4,32,32,29,33,37,"Africa"
21,13,45,2,2,1,1,"ZA",4,1,3,3,5,1,1,3,2,5,2,5,5,4,3,5,3,3,5,3,3,3,4,5,5,5,3,3,5,3,5,3,5,2,3,3,5,3,3,2,4,2,5,3,5,1,3,3,5,4,39,35,28,34,38,"Africa"
22,12,25,1,2,1,1,"NG",5,2,5,1,5,1,5,2,5,1,1,3,2,4,2,1,4,1,2,4,1,4,1,5,1,5,1,5,5,5,4,1,5,1,5,1,5,1,5,5,5,2,5,1,5,1,5,4,4,5,33,37,32,33,24,"Africa"
23,12,26,2,1,1,1,"KE",1,1,5,4,5,1,1,5,5,3,4,4,5,1,5,5,3,2,4,1,5,4,1,4,1,5,1,1,5,5,2,2,5,1,1,1,5,3,2,4,1,1,4,1,4,1,5,1,1,5,32,24,31,26,34,"Africa"
24,1,23,2,1,1,2,"UG",3,4,1,1,1,4,1,2,5,5,2,1,5,3,5,5,5,1,4,2,2,2,1,2,5,5,1,3,5,4,3,1,5,1,4,2,5,1,5,4,1,1,4,1,5,1,5,1,4,5,30,28,27,31,33,"Africa"
25,5,18,2,1,2,1,"EG",1,2,3,3,3,1,1,4,2,5,5,4,5,1,4,4,5,2,4,5,1,3,2,5,1,5,1,5,5,5,4,5,5,5,2,1,2,3,1,5,5,1,5,1,3,1,5,5,5,5,33,36,25,33,39,"Africa"
26,3,28,2,2,1,1,"ZA",3,2,4,2,2,2,3,2,4,4,2,4,3,2,2,2,2,2,2,2,1,5,2,5,1,4,2,4,4,5,4,4,4,2,2,3,4,2,2,4,4,2,4,2,4,2,5,4,5,4,33,36,28,31,23,"Africa"
27,12,35,1,1,1,1,"ZA",1,5,5,5,5,5,1,1,5,5,1,1,2,1,1,1,1,1,1,1,5,5,1,5,1,5,1,5,5,5,5,2,5,5,5,1,5,1,5,5,5,1,3,1,5,1,5,1,5,5,38,32,38,39,11,"Africa"
28,5,23,1,2,1,1,"KE",3,5,3,3,2,5,1,5,1,5,2,3,5,3,1,2,2,2,1,3,1,3,2,3,4,5,2,5,2,5,3,2,2,2,4,4,3,3,3,4,2,2,4,2,4,1,3,1,5,3,32,27,33,30,24,"Africa"
29,3,28,1,2,1,2,"ZA",4,3,5,2,5,2,5,4,4,2,1,5,1,5,3,1,1,1,2,1,2,5,1,4,2,2,2,3,3,5,3,2,3,2,2,3,3,3,2,3,3,1,4,1,5,1,5,3,5,5,29,33,36,26,21,"Africa"
30,1,20,NA,1,1,1,"ZA",3,3,4,2,4,2,4,2,4,4,2,5,1,3,4,1,3,2,4,2,3,4,2,3,3,3,2,3,2,4,3,2,4,1,1,2,4,4,3,3,4,2,4,2,5,2,5,4,3,4,29,35,32,27,27,"Africa"
31,13,33,2,2,1,1,"ZA",4,1,5,4,5,1,5,2,2,1,4,1,5,2,5,5,5,5,5,5,1,5,2,5,1,2,1,5,5,5,1,5,1,4,1,5,1,4,1,1,4,1,5,2,5,1,5,5,1,5,32,34,30,24,42,"Africa"
32,1,18,2,2,1,1,"GH",1,2,2,4,3,4,1,4,1,4,2,3,3,1,3,4,4,4,4,1,1,4,1,4,2,2,3,3,4,4,2,4,3,1,2,4,2,2,3,3,3,1,3,4,3,1,4,2,2,3,28,26,26,26,29,"Africa"
33,13,30,1,2,1,1,"NG",1,2,4,5,5,2,5,5,1,4,2,3,5,2,4,1,5,5,1,3,1,4,1,5,2,5,1,5,5,5,2,5,5,3,5,3,5,1,5,5,3,3,5,4,5,1,5,5,3,5,34,39,34,39,31,"Africa"
34,5,20,1,2,1,2,"ZA",1,3,5,3,5,3,4,5,1,4,5,3,5,4,2,4,2,3,3,2,1,5,1,5,1,5,1,5,5,3,4,2,4,1,3,5,4,1,3,4,3,2,5,1,4,2,4,1,4,3,32,29,34,31,33,"Africa"
35,13,22,1,2,1,1,"KE",1,5,2,2,2,5,1,5,1,5,3,2,5,1,4,1,4,3,3,4,2,3,1,1,3,5,4,3,4,3,3,1,4,1,4,1,5,3,3,4,2,3,4,2,3,3,3,2,4,3,29,29,29,29,30,"Africa"
36,13,25,1,2,1,1,"KE",3,3,5,2,5,2,5,4,3,4,3,4,1,4,2,1,3,1,2,2,2,4,1,5,1,5,1,4,5,5,2,4,5,1,3,2,5,1,5,3,3,2,5,2,4,1,5,1,5,4,33,32,36,31,23,"Africa"
37,6,39,2,2,1,2,"ZA",3,2,3,3,3,2,3,2,5,3,4,1,4,1,4,5,4,3,5,5,2,3,3,3,3,5,2,5,3,3,4,4,4,1,3,1,3,1,3,5,4,3,5,3,3,1,5,4,5,3,32,36,29,29,36,"Africa"
38,12,37,1,2,3,1,"KE",4,2,4,2,3,2,2,4,2,4,2,4,4,4,2,2,2,2,3,2,2,5,2,4,2,3,2,4,4,4,3,2,5,4,3,3,4,3,3,4,4,3,4,3,4,2,3,3,4,3,32,33,29,34,27,"Africa"
39,3,54,1,2,1,1,"ZA",1,5,2,5,4,3,3,5,1,3,4,4,5,2,2,1,2,1,3,4,5,5,3,5,1,4,1,4,5,4,5,5,5,2,1,4,3,2,4,4,3,2,4,1,5,2,3,3,5,5,37,33,32,35,28,"Africa"
40,5,31,2,2,1,1,"EG",3,3,5,3,5,4,4,1,1,3,3,3,4,4,4,3,2,3,1,4,3,3,3,3,4,3,2,3,5,3,2,3,3,4,4,1,1,3,5,3,3,3,2,3,4,1,5,3,3,3,32,30,32,29,31,"Africa"
41,13,25,1,1,2,2,"ZA",1,5,5,3,5,3,3,5,1,5,1,5,1,3,1,2,1,2,1,2,1,1,1,2,2,2,1,3,3,5,5,1,5,1,5,1,3,3,5,4,1,1,4,1,5,1,5,3,3,5,21,29,36,33,19,"Africa"
42,5,20,2,1,1,5,"EG",2,3,3,4,2,4,2,3,4,5,2,2,4,3,4,4,4,4,4,3,2,3,1,4,2,5,2,4,4,4,3,3,3,2,3,2,3,2,2,3,4,2,4,2,3,2,4,3,3,3,31,30,32,26,34,"Africa"
43,5,16,2,2,1,1,"EG",5,1,5,5,3,2,5,3,3,1,2,5,5,3,3,3,5,5,5,3,2,5,4,5,3,4,1,3,5,5,2,2,4,5,2,1,3,3,3,3,4,3,5,1,3,2,5,5,5,4,37,37,33,28,39,"Africa"
44,6,21,2,2,1,1,"EG",3,1,3,2,4,3,3,3,4,5,5,2,5,5,5,5,5,5,5,5,4,4,4,2,5,2,4,2,2,5,2,5,5,5,2,5,1,4,2,3,3,1,5,1,5,1,5,4,5,5,34,35,31,34,47,"Africa"
45,13,28,2,2,1,1,"KE",3,4,5,3,5,2,4,3,4,4,5,4,5,1,4,4,4,4,4,4,4,4,1,5,1,4,2,4,4,5,4,3,5,1,4,1,5,1,4,3,4,3,5,4,4,1,5,1,5,5,34,37,37,31,39,"Africa"
46,3,46,2,2,1,5,"ZA",4,3,5,2,5,1,5,3,4,4,5,5,4,4,5,2,1,2,4,1,2,4,1,4,2,5,1,4,3,5,1,5,5,2,1,5,3,4,2,5,5,1,4,1,3,1,5,5,5,4,31,34,36,33,33,"Africa"
47,13,19,2,2,1,2,"KE",4,2,3,4,4,1,3,5,1,2,3,2,4,3,4,4,2,2,4,2,1,5,4,4,1,3,2,4,4,4,3,4,4,4,1,2,4,5,3,4,2,4,4,4,3,2,3,2,4,3,32,31,29,34,30,"Africa"
48,5,19,2,2,1,1,"EG",1,5,2,4,1,2,2,5,3,5,2,3,5,5,3,3,1,1,3,3,3,2,3,2,4,5,2,3,5,5,5,1,4,1,5,2,5,3,5,5,4,2,3,3,5,4,5,3,3,5,34,37,30,36,29,"Africa"
49,4,21,1,2,1,1,"ZA",5,2,4,2,5,2,5,2,4,2,2,3,2,3,3,3,3,1,3,3,1,4,2,3,5,5,2,4,5,4,3,2,5,2,4,2,5,1,2,3,4,1,5,1,5,1,4,3,4,5,35,33,33,29,26,"Africa"
50,13,24,1,2,1,1,"KE",3,5,3,4,4,4,3,5,1,4,4,3,5,3,5,5,4,4,3,3,1,3,2,5,1,5,1,5,5,5,3,4,5,4,3,2,5,4,4,4,3,3,4,3,5,2,5,3,4,4,33,36,36,38,39,"Africa"
51,13,42,1,2,1,1,"ZA",1,3,1,3,1,4,1,2,3,5,5,1,5,1,5,5,1,5,5,5,4,2,3,3,5,3,3,2,3,2,1,4,4,2,3,4,3,3,2,2,3,3,4,2,4,1,4,1,5,5,30,32,24,28,38,"Africa"
52,3,41,2,1,1,1,"ZA",1,4,3,2,1,4,1,2,5,5,5,2,5,2,5,4,5,5,4,5,2,4,2,4,3,3,4,1,4,2,4,2,4,3,3,2,4,3,3,3,5,4,5,1,5,1,4,5,5,5,29,40,28,31,42,"Africa"
53,13,36,2,1,1,1,"ZA",3,3,3,3,5,1,3,3,3,3,1,4,3,4,1,3,1,1,1,1,1,5,1,5,1,5,1,5,5,5,2,1,5,1,4,1,5,3,5,5,3,1,5,1,5,1,5,3,5,5,34,34,30,32,20,"Africa"
54,12,25,2,1,1,1,"GH",4,2,2,2,2,3,3,3,2,2,1,2,3,3,2,3,3,3,2,2,2,2,2,2,2,3,3,3,2,2,3,1,3,2,2,2,3,3,2,2,3,2,2,3,3,3,3,3,2,2,23,26,25,23,24,"Africa"
55,12,35,1,1,1,1,"ZA",1,5,4,5,5,1,1,5,1,5,1,2,2,1,1,1,1,1,1,1,1,5,1,5,1,3,1,1,5,5,3,2,5,1,5,1,5,1,5,5,3,2,2,1,5,1,5,1,5,5,28,30,33,33,12,"Africa"
56,6,23,2,1,1,2,"EG",1,5,2,5,3,5,1,5,1,5,5,1,5,5,5,4,5,5,5,4,1,2,3,5,2,3,3,5,4,3,1,3,5,5,1,1,5,3,1,3,4,3,4,3,3,1,4,3,5,4,31,34,33,28,44,"Africa"
57,13,19,1,2,1,1,"UG",1,3,1,4,1,3,1,5,1,5,1,5,3,1,2,1,2,2,5,2,5,1,1,4,3,2,5,4,2,5,5,2,5,3,4,2,4,3,1,4,3,1,1,1,4,1,5,1,5,5,32,27,25,33,24,"Africa"
58,13,17,1,2,1,2,"ZA",2,1,4,2,4,2,3,3,2,4,5,2,5,1,3,5,5,5,5,5,2,5,3,3,2,3,3,3,3,5,2,3,5,1,3,3,3,1,5,4,5,2,5,1,4,1,5,5,5,5,32,38,27,30,41,"Africa"
59,13,24,1,2,1,1,"KE",4,4,2,3,4,2,2,2,1,5,2,5,4,2,5,5,5,5,5,3,1,5,4,5,1,5,3,4,5,4,2,5,4,5,2,1,4,5,4,5,4,2,5,2,5,1,4,1,5,2,37,31,29,37,41,"Africa"
60,5,33,2,1,1,1,"EG",3,2,4,3,4,2,2,2,3,4,2,3,4,2,2,4,4,3,2,3,2,4,2,4,2,4,3,3,4,4,4,3,4,4,3,4,4,2,4,4,5,2,3,2,4,2,4,2,4,4,32,32,29,36,29,"Africa"
61,5,19,2,2,1,1,"EG",1,1,1,5,1,5,1,5,1,5,5,1,5,3,5,5,5,5,5,5,5,1,1,5,4,5,1,2,5,5,1,5,5,3,5,1,5,4,1,1,5,5,5,5,5,1,5,5,5,5,34,46,26,31,44,"Africa"
62,3,46,1,2,1,1,"ZA",1,2,4,3,4,2,4,5,2,4,4,2,4,3,4,4,2,1,4,1,1,4,3,4,2,4,2,3,5,3,3,2,4,3,1,5,2,2,1,5,4,1,4,2,3,2,5,4,4,4,31,33,31,28,29,"Africa"
63,13,24,1,1,2,5,"KE",2,3,3,3,4,2,1,3,3,4,3,3,3,2,4,3,4,3,4,2,2,3,2,4,2,2,4,3,3,2,4,2,5,1,3,2,5,1,4,4,4,1,5,1,5,1,5,2,5,5,27,34,28,31,31,"Africa"
64,13,21,1,2,1,1,"ZA",2,2,4,2,5,1,4,5,2,4,3,4,3,1,2,2,2,1,2,4,1,5,2,4,1,4,1,3,3,3,2,4,5,2,2,4,5,3,2,4,4,1,5,1,5,1,5,3,4,5,27,34,31,33,24,"Africa"
65,13,26,2,2,1,1,"UG",5,5,2,5,1,5,1,5,1,5,1,1,5,3,2,1,5,4,1,1,1,2,1,5,1,5,1,5,5,5,5,3,5,1,5,1,5,1,5,5,3,1,5,1,5,1,5,4,5,5,31,35,35,36,24,"Africa"
66,13,46,1,2,1,1,"ZA",2,2,4,4,4,4,2,5,1,3,4,2,5,1,4,5,3,3,4,2,1,5,2,5,2,5,1,4,1,4,2,5,3,5,2,5,4,3,3,4,4,4,5,2,4,5,4,2,4,5,30,39,31,36,33,"Africa"
67,NA,22,2,2,1,5,"ZA",3,1,5,3,5,1,5,3,4,3,3,3,5,3,4,4,5,2,4,2,1,4,1,5,1,5,1,5,5,5,3,3,4,3,2,5,4,2,5,3,2,3,5,2,5,1,5,1,5,5,33,34,33,34,35,"Africa"
68,12,22,2,2,1,1,"NG",2,4,3,4,2,3,2,5,3,2,3,5,5,4,1,1,2,2,4,3,1,5,1,5,1,4,1,4,4,4,4,4,5,1,2,4,4,1,3,4,4,2,5,1,4,2,5,1,4,4,30,32,30,32,30,"Africa"
69,12,25,2,2,1,1,"NG",5,3,5,3,5,2,4,4,4,2,2,2,3,3,4,1,1,1,1,4,1,4,1,5,1,3,1,3,4,5,4,1,5,1,4,1,3,1,5,5,5,2,4,2,5,1,5,3,4,4,28,35,37,30,22,"Africa"
70,12,29,1,2,1,1,"NG",5,2,5,2,5,1,3,3,5,4,4,4,5,2,3,4,4,3,3,3,1,5,1,5,1,4,2,4,4,5,5,1,5,1,4,4,4,1,4,3,5,1,5,2,5,1,5,2,4,4,32,34,35,32,35,"Africa"
71,3,19,1,1,2,1,"ZA",4,2,4,2,5,2,5,3,4,3,4,4,4,2,4,3,4,3,4,4,2,3,4,5,2,5,2,4,4,4,4,2,4,2,3,3,5,3,4,3,5,2,5,2,4,2,4,4,4,3,35,35,34,33,36,"Africa"
72,12,24,1,2,1,1,"NG",2,4,3,3,4,2,3,3,3,5,2,4,3,4,2,2,2,1,2,2,2,5,1,4,2,4,2,3,4,4,4,2,3,2,2,2,4,3,4,4,5,2,2,2,3,3,3,2,5,4,31,31,32,30,24,"Africa"
73,12,18,2,2,2,5,"GH",3,3,5,3,4,4,4,3,2,3,2,5,2,2,1,1,4,1,1,4,5,5,1,5,1,5,1,5,5,3,4,1,4,2,3,2,1,3,4,5,3,3,5,2,4,2,2,3,4,4,36,32,34,29,23,"Africa"
74,12,21,2,1,1,1,"EG",1,3,1,5,1,5,1,5,1,5,4,1,5,5,5,5,5,5,5,5,5,5,1,5,3,4,4,5,1,1,4,1,5,5,1,1,5,5,1,1,1,2,5,5,1,3,4,1,5,5,34,32,28,29,45,"Africa"
75,13,47,2,1,1,1,"ZA",5,1,4,2,5,2,5,2,4,2,4,4,5,2,2,2,4,2,2,4,1,5,2,5,2,4,1,4,4,5,2,5,5,2,4,5,2,2,2,3,2,2,4,2,2,1,2,2,4,5,33,26,32,32,31,"Africa"
76,13,41,1,2,1,1,"BW",1,1,2,4,5,1,1,3,1,5,3,1,4,4,1,2,1,1,2,1,3,2,1,5,1,4,1,4,5,3,1,1,2,1,4,5,3,1,3,5,2,1,1,4,3,2,2,1,1,2,29,19,24,26,20,"Africa"
77,6,23,2,1,1,1,"ZA",2,3,3,3,3,3,1,3,4,4,3,4,4,5,1,3,1,1,4,1,2,4,2,4,2,4,2,4,3,3,5,3,4,1,2,2,5,3,5,5,4,4,3,4,4,3,5,3,5,4,30,39,29,35,27,"Africa"
78,3,41,2,2,1,1,"MA",3,3,4,2,4,1,3,2,4,2,3,1,5,1,2,4,5,5,4,4,2,4,3,4,2,3,2,3,4,3,2,5,2,5,3,2,4,3,4,3,4,1,3,2,3,3,5,4,5,3,30,33,28,33,34,"Africa"
79,3,38,1,1,1,1,"ZA",2,3,5,3,4,1,4,4,3,5,1,5,4,4,3,5,2,2,2,3,1,5,2,5,2,5,2,3,5,5,2,3,3,2,1,1,2,3,2,2,5,3,3,2,3,2,5,4,5,2,35,34,34,21,31,"Africa"
80,3,37,1,1,1,1,"ZA",4,2,5,4,5,2,5,2,5,2,3,5,5,3,3,4,2,1,4,3,2,5,3,4,2,5,1,4,4,4,4,1,5,2,3,1,5,2,4,4,5,1,5,2,4,2,5,5,5,4,34,38,36,31,33,"Africa"
81,13,27,2,2,1,1,"KE",1,4,4,3,3,2,2,3,4,5,4,4,5,4,4,4,5,4,4,3,1,3,2,4,4,4,3,4,4,3,3,2,5,2,3,1,5,3,5,3,1,1,1,2,3,1,5,3,4,3,32,24,31,32,41,"Africa"
82,12,23,1,1,1,1,"NG",3,5,4,5,3,1,1,5,3,5,1,5,5,1,5,4,4,3,5,1,2,5,1,4,5,1,1,5,4,5,2,4,5,1,4,4,5,1,4,4,4,1,5,1,5,1,4,5,5,5,33,36,35,34,34,"Africa"
83,3,30,1,2,1,1,"ZA",5,1,5,2,5,1,5,1,5,3,3,1,5,3,3,3,3,5,2,3,2,5,2,2,2,5,1,3,5,5,3,1,3,3,5,3,5,3,3,3,3,3,5,3,4,3,5,3,3,5,32,37,33,32,31,"Africa"
84,3,39,1,2,1,1,"ZA",1,2,4,4,2,3,2,5,2,4,3,4,4,4,2,4,3,2,3,2,2,5,1,4,2,5,2,4,5,4,3,2,4,1,5,2,5,1,3,4,4,3,4,3,5,3,4,4,4,3,34,37,29,30,31,"Africa"
85,3,40,1,1,NA,1,"ZA",4,5,5,1,5,2,5,1,5,4,4,4,4,5,1,1,1,1,4,1,3,5,1,2,5,5,2,5,3,5,5,2,5,5,5,1,5,1,5,5,5,1,5,1,5,1,5,5,5,5,36,38,37,39,26,"Africa"
86,4,18,1,2,1,1,"MU",3,5,2,1,5,5,3,5,1,5,4,2,4,1,3,2,5,2,2,1,1,2,1,5,4,5,4,1,2,4,4,1,5,1,5,2,5,3,5,5,3,1,5,5,5,1,5,1,5,5,29,36,35,36,26,"Africa"
87,3,32,1,1,1,1,"ZA",2,1,4,2,5,2,5,4,4,2,3,3,4,3,4,4,2,2,4,3,2,4,2,4,1,5,1,5,4,4,3,4,3,4,2,4,3,2,3,4,4,2,5,1,4,1,4,4,5,5,32,35,31,32,32,"Africa"
88,13,29,2,2,2,1,"LS",4,3,3,1,2,1,1,2,5,5,2,5,1,5,1,1,2,1,1,1,1,2,1,4,2,2,1,3,4,3,3,1,5,2,3,2,3,2,2,5,4,3,3,3,5,2,4,1,5,5,23,35,27,28,20,"Africa"
89,3,49,1,2,1,5,"ZA",1,2,3,3,5,2,1,4,3,4,2,2,5,2,4,5,2,2,4,2,1,5,2,5,2,5,2,5,4,3,2,4,4,3,1,2,3,2,3,1,3,4,4,4,3,2,2,3,4,4,34,33,28,25,30,"Africa"
90,12,22,2,1,1,1,"BW",2,3,4,4,3,4,2,3,4,4,1,5,1,5,3,2,1,1,2,1,3,3,1,3,4,2,4,3,3,3,4,4,4,2,2,5,3,3,4,5,3,1,5,4,4,1,5,3,2,4,29,32,33,36,22,"Africa"
91,3,21,2,2,1,5,"ZA",2,2,5,4,3,2,1,5,2,4,3,3,4,3,3,3,2,1,3,2,1,5,1,5,1,5,1,5,5,4,3,3,5,1,2,4,2,1,2,4,4,2,3,1,3,1,4,2,3,4,33,27,30,27,27,"Africa"
92,6,27,1,2,1,1,"ZA",3,1,5,1,3,1,4,3,3,3,2,5,2,3,4,2,2,1,4,1,1,5,1,5,1,5,2,4,5,4,2,3,4,2,2,3,3,2,3,4,2,2,3,2,4,2,5,1,2,4,33,27,27,28,26,"Africa"
93,3,69,2,2,1,1,"ZA",2,2,4,3,4,2,3,3,3,3,3,3,5,3,4,3,2,2,3,3,1,5,1,5,2,5,1,5,5,5,3,4,5,4,4,3,5,1,3,5,5,1,5,1,5,1,5,5,5,5,35,38,29,37,31,"Africa"
94,4,15,1,2,1,2,"MU",4,1,2,3,3,3,3,4,1,5,2,5,4,3,3,2,2,2,5,2,2,5,2,3,2,3,2,3,3,5,4,3,4,2,3,2,4,2,4,4,3,2,4,2,3,2,4,1,5,4,30,30,29,32,30,"Africa"
95,5,25,2,2,1,1,"EG",2,3,4,2,4,4,4,2,4,4,3,4,5,3,2,3,4,3,2,1,1,4,1,4,2,5,2,1,4,3,5,5,4,2,4,4,5,1,5,1,3,3,4,2,4,1,4,4,3,4,27,32,33,36,30,"Africa"
96,12,20,2,2,1,1,"ZA",2,2,2,4,3,3,3,4,2,5,5,4,5,4,2,3,2,2,3,2,1,4,4,5,1,5,3,5,5,3,3,2,2,3,4,2,3,2,4,3,2,3,5,2,3,2,5,3,3,3,36,31,30,28,32,"Africa"
97,1,15,1,1,1,1,"EG",4,3,4,2,5,2,5,2,2,2,1,5,2,4,1,2,5,2,1,1,5,5,1,4,1,4,2,4,5,4,2,2,4,2,2,3,2,4,1,4,4,1,5,2,5,1,4,2,4,4,35,32,31,26,24,"Africa"
98,4,19,2,1,1,1,"ZA",3,2,5,2,5,1,5,2,5,5,2,4,4,5,5,1,2,2,3,1,2,5,2,5,1,5,1,4,5,5,2,4,2,3,2,4,3,5,1,2,4,2,4,2,4,2,5,3,5,5,35,36,35,28,29,"Africa"
99,3,34,1,1,1,1,"ZA",3,4,4,3,4,2,3,4,2,4,2,4,2,4,2,2,2,1,2,1,4,4,1,4,2,2,3,4,3,4,4,2,4,1,4,2,4,1,4,4,3,2,4,1,4,2,4,1,4,4,31,29,33,30,22,"Africa"
100,12,23,1,1,1,1,"NG",3,1,4,2,4,1,2,2,5,2,1,5,3,4,1,3,2,1,1,1,1,4,1,5,2,5,1,3,5,5,4,5,4,1,2,1,4,1,4,5,5,1,5,1,5,1,5,5,2,5,32,35,26,31,22,"Africa"
101,3,29,2,1,1,1,"BR",2,4,3,4,2,3,2,1,4,4,5,4,3,2,4,4,4,5,5,4,3,3,3,3,4,4,3,2,2,3,4,3,4,4,2,3,2,4,4,2,5,3,4,3,4,2,5,4,5,5,30,40,29,32,40,"Americas"
102,NA,15,2,NA,NA,2,"US",3,5,5,4,4,1,1,5,1,5,5,2,5,3,2,2,1,1,2,3,1,5,1,5,1,5,1,5,5,4,4,3,5,2,5,3,5,1,3,5,3,1,4,1,4,2,5,4,5,5,33,34,34,36,26,"Americas"
103,3,18,1,1,1,2,"US",3,2,4,2,5,1,4,2,5,2,1,5,1,5,1,1,1,1,1,1,2,4,2,2,3,1,3,3,2,4,3,4,3,1,3,3,4,1,2,3,5,1,5,2,5,1,5,4,3,5,26,36,30,27,18,"Americas"
104,3,50,1,2,1,1,"US",3,2,5,3,5,2,5,3,3,1,1,4,2,5,2,1,3,1,2,1,1,5,1,5,3,3,1,5,5,4,4,2,5,1,4,1,5,2,4,5,5,1,5,1,5,1,5,5,4,5,33,37,32,33,22,"Americas"
105,3,15,1,2,1,5,"US",3,2,4,2,4,2,4,3,3,2,4,2,4,4,4,2,5,4,4,4,1,5,2,4,1,2,2,3,4,4,3,4,5,4,3,4,3,3,3,3,3,2,5,2,3,2,4,3,5,5,28,34,29,35,37,"Americas"
106,3,24,1,2,1,2,"US",5,2,5,2,5,1,4,2,5,2,4,4,4,2,3,2,4,2,3,2,1,5,3,4,2,4,1,4,4,4,3,2,4,3,4,2,4,1,4,4,5,1,5,1,5,1,5,4,5,5,32,37,33,31,30,"Americas"
107,13,22,2,2,1,2,"US",4,2,4,4,4,2,4,4,2,4,4,4,3,3,4,3,2,2,3,2,2,5,2,4,2,4,2,4,4,4,4,4,5,2,5,3,4,3,4,5,3,2,3,2,4,3,4,2,4,4,33,31,34,39,30,"Americas"
108,3,57,1,2,1,5,"US",1,1,4,4,3,4,2,5,1,5,3,3,5,2,4,5,4,3,5,3,2,4,2,4,2,5,2,4,3,3,3,5,3,5,1,5,4,3,2,2,4,2,5,2,3,1,3,4,4,3,31,31,30,33,37,"Americas"
109,11,15,1,1,1,5,"US",2,5,2,5,2,4,2,5,3,4,5,3,5,2,4,4,4,4,4,4,3,5,1,5,2,5,2,5,4,3,4,1,5,4,2,2,5,3,3,5,5,2,5,1,5,1,5,5,4,5,35,38,34,34,39,"Americas"
110,6,24,2,1,1,2,"SV",1,5,4,5,1,5,3,2,5,4,3,5,5,5,4,3,2,4,3,5,5,4,4,5,1,5,3,3,5,3,3,3,3,5,4,5,5,3,5,3,2,4,5,2,5,1,4,1,5,5,38,34,35,39,39,"Americas"
111,3,19,1,2,1,5,"US",3,3,5,3,3,1,3,4,3,4,4,3,4,3,2,3,2,2,3,2,1,5,3,5,1,5,1,5,5,4,5,3,5,2,2,1,5,1,5,4,3,3,5,3,4,1,4,2,4,3,35,32,32,33,28,"Americas"
112,1,22,2,1,1,1,"BR",3,2,4,5,5,5,1,5,1,5,1,5,5,5,2,5,5,5,3,5,5,3,5,5,5,5,5,5,5,5,3,5,5,5,1,5,3,3,1,3,5,1,5,1,3,1,4,2,5,3,48,30,36,34,41,"Americas"
113,11,18,1,2,1,5,"US",2,4,2,4,2,2,1,4,2,4,3,4,3,3,3,4,4,4,4,3,2,4,1,5,2,5,2,4,4,4,3,1,5,2,2,2,4,3,3,3,3,3,5,2,5,1,4,3,4,5,33,35,27,28,35,"Americas"
114,3,20,1,1,1,1,"US",2,5,3,4,3,5,2,4,2,5,2,4,3,1,2,3,2,1,2,4,2,4,1,3,2,5,2,2,4,3,2,2,4,3,2,4,4,1,2,5,2,4,3,3,3,4,4,1,5,3,28,32,35,29,24,"Americas"
115,8,22,1,2,1,3,"US",3,1,4,2,3,2,2,5,1,5,5,3,5,2,2,5,5,5,4,3,4,3,1,3,5,5,2,5,3,4,3,2,3,2,5,1,3,3,5,3,2,3,3,2,3,2,3,2,4,3,35,27,28,30,39,"Americas"
116,3,53,1,1,1,2,"US",2,4,3,2,3,4,2,3,3,4,2,4,4,3,2,2,2,1,2,2,2,3,2,3,2,3,3,4,2,3,3,4,4,2,2,4,2,2,3,5,5,1,4,2,3,2,4,4,4,3,27,32,30,31,24,"Americas"
117,3,15,1,2,1,1,"US",1,5,1,5,1,5,1,5,1,5,4,2,4,2,1,2,3,3,4,4,2,5,3,4,3,3,3,3,4,2,3,4,5,4,2,4,3,2,3,4,5,1,5,2,3,1,4,5,5,5,32,36,30,34,29,"Americas"
118,3,41,NA,2,1,1,"US",2,3,3,3,3,1,1,5,1,5,5,1,5,3,1,4,1,1,5,3,1,3,5,2,3,5,3,3,5,5,3,5,5,3,1,5,5,1,5,5,1,1,3,3,5,3,5,1,5,5,35,32,27,38,29,"Americas"
119,3,31,1,2,1,2,"US",3,2,5,2,4,2,4,2,5,2,4,4,4,4,2,3,2,2,2,2,1,4,2,5,2,5,1,4,4,4,4,4,4,1,4,2,5,2,4,3,3,2,4,2,4,1,4,3,4,5,32,32,31,33,29,"Americas"
120,13,18,1,2,1,1,"US",2,5,3,4,2,2,1,5,1,5,1,4,2,3,2,2,2,2,2,2,1,4,2,5,2,5,2,4,4,4,3,3,5,4,1,5,1,3,2,3,5,2,5,3,3,1,4,4,4,4,33,35,30,30,22,"Americas"
121,13,21,1,2,1,1,"US",2,4,3,5,2,3,1,5,1,5,3,4,2,2,2,1,2,2,2,2,2,4,1,4,3,3,2,4,3,4,3,4,2,4,1,4,3,4,2,2,4,2,4,2,3,2,4,3,4,3,30,31,31,29,22,"Americas"
122,3,49,1,2,1,5,"US",2,5,4,4,3,3,2,4,2,4,3,4,4,3,2,2,3,2,2,2,2,4,1,4,2,4,2,4,4,4,4,3,5,2,2,2,4,2,4,4,3,4,3,3,3,3,4,3,3,3,31,32,33,32,27,"Americas"
123,3,50,1,2,1,5,"US",3,1,4,1,4,3,5,4,1,3,3,2,3,5,1,2,1,1,3,1,1,5,1,5,1,3,1,5,1,4,2,4,4,1,3,1,4,1,5,5,4,3,4,3,5,1,4,3,4,4,27,35,29,30,22,"Americas"
124,3,41,1,1,1,2,"US",1,5,3,5,2,4,1,4,2,4,4,3,5,2,4,3,4,2,4,3,2,4,4,2,2,4,4,3,2,4,4,4,2,3,3,5,5,1,4,4,2,2,4,2,4,3,3,2,5,2,31,29,31,35,34,"Americas"
125,3,41,1,1,1,1,"US",2,3,3,4,2,3,2,5,2,4,2,4,4,4,1,1,2,1,2,2,1,4,1,3,2,3,2,3,3,4,2,4,3,2,1,4,2,2,4,1,5,1,4,1,5,2,5,4,5,4,26,36,30,25,23,"Americas"
126,3,39,1,2,1,1,"US",1,5,1,5,1,5,1,5,1,5,3,3,3,2,2,2,5,3,2,2,1,4,1,5,1,5,4,3,5,2,3,4,3,2,5,2,5,1,3,4,4,3,3,2,3,3,5,4,4,3,31,34,30,32,27,"Americas"
127,3,15,1,2,2,1,"US",4,1,5,1,5,1,4,2,5,3,4,5,4,2,3,4,4,4,3,1,1,5,3,5,1,3,1,4,5,4,3,4,5,3,2,4,2,3,2,2,5,2,5,1,5,1,5,5,4,5,32,38,31,30,34,"Americas"
128,3,51,1,1,1,1,"CA",1,3,3,2,3,3,4,4,2,4,5,3,5,2,2,4,4,4,4,4,4,3,1,3,3,3,3,3,4,3,4,1,4,3,1,4,3,4,3,4,5,1,5,1,4,1,5,3,4,4,30,33,29,31,37,"Americas"
129,3,23,1,1,1,5,"US",2,2,3,4,1,4,1,5,2,5,3,4,4,3,3,3,4,3,4,4,2,3,2,3,2,4,4,3,3,3,4,1,4,1,4,2,4,3,4,5,1,3,4,2,3,1,5,1,4,4,29,28,29,32,35,"Americas"
130,11,20,2,1,1,1,"US",5,1,5,2,4,1,5,1,5,2,2,3,1,3,3,3,3,3,3,3,2,5,3,5,1,2,1,5,5,4,5,5,3,3,2,3,2,3,2,3,5,1,5,2,3,1,5,4,2,4,33,32,31,31,27,"Americas"
131,1,16,1,2,1,1,"US",3,5,5,5,3,4,3,4,1,4,2,5,5,4,2,4,4,4,3,3,2,5,1,4,2,4,2,4,4,3,5,2,5,2,1,2,3,3,2,4,4,2,5,2,4,1,4,4,4,5,31,35,37,29,36,"Americas"
132,3,39,1,2,1,5,"US",4,1,5,2,5,2,5,2,4,1,2,4,3,4,2,2,2,1,2,1,1,4,2,5,2,4,2,4,4,4,4,1,4,2,4,1,5,1,4,4,4,2,5,2,4,1,4,3,4,4,32,33,31,30,23,"Americas"
133,3,53,1,1,3,2,"US",3,3,4,3,3,2,3,3,2,3,4,2,4,2,4,4,3,4,4,4,4,3,1,4,3,3,3,3,4,4,3,2,4,3,2,3,3,4,3,3,4,1,4,3,4,2,4,4,4,4,32,34,29,30,35,"Americas"
134,8,16,1,1,2,1,"US",5,5,1,1,5,5,1,1,5,5,5,5,1,1,5,5,1,1,5,5,5,5,1,1,5,5,1,1,5,5,5,5,1,1,5,5,1,1,5,5,5,5,1,1,5,5,1,1,5,5,34,34,34,34,34,"Americas"
135,13,19,1,1,1,1,"US",2,3,3,4,3,2,3,4,2,5,4,3,4,2,3,2,4,3,2,3,1,4,1,4,1,4,2,5,4,3,4,3,5,2,4,2,4,2,3,3,4,2,4,1,3,1,4,3,5,4,29,31,31,32,30,"Americas"
136,3,31,1,2,1,2,"US",3,4,4,4,4,2,2,5,3,2,2,4,4,4,2,1,2,1,1,1,1,4,1,4,2,4,2,4,4,5,3,4,3,1,4,3,3,1,2,5,5,1,5,1,3,1,5,4,5,5,31,35,33,29,22,"Americas"
137,3,22,1,2,1,1,"CA",1,2,1,4,3,1,1,5,1,5,5,2,4,2,2,4,5,4,5,4,1,5,2,4,2,5,2,2,1,3,5,1,2,2,5,1,5,1,5,5,5,1,5,1,5,1,5,5,5,5,27,38,24,32,37,"Americas"
138,11,18,2,1,1,1,"BR",2,4,2,3,2,4,2,4,1,5,3,3,4,3,2,3,4,4,2,4,2,3,3,3,4,2,4,2,2,2,4,1,4,3,3,2,4,3,3,3,4,3,5,3,3,1,3,2,4,4,27,32,29,30,32,"Americas"
139,1,13,2,1,1,1,"US",2,1,2,3,2,3,5,4,2,2,4,4,2,1,4,4,4,4,5,4,3,2,3,3,3,3,2,3,3,3,3,4,3,3,3,5,2,3,3,3,5,2,5,4,4,1,2,5,3,5,28,36,26,32,36,"Americas"
140,3,27,1,2,1,2,"US",3,1,3,4,4,1,3,3,4,3,2,3,4,2,3,1,3,3,4,3,1,4,2,5,2,4,2,4,5,4,4,1,4,4,4,1,5,3,5,4,3,2,4,2,4,1,5,3,3,4,33,31,29,35,28,"Americas"
141,NA,49,1,2,1,1,"US",3,3,4,3,5,3,5,4,3,1,5,3,5,2,2,3,2,3,3,5,2,5,1,5,1,5,1,5,5,5,5,1,5,1,4,1,5,1,3,5,5,3,5,4,3,1,5,5,5,5,35,41,34,31,33,"Americas"
142,6,31,1,1,1,4,"US",3,4,4,5,3,4,2,5,1,5,3,3,5,2,4,3,4,4,3,5,1,3,2,5,3,5,4,4,5,4,4,4,3,3,2,3,3,3,4,4,3,2,4,2,3,4,3,3,4,3,36,31,36,33,36,"Americas"
143,1,25,1,1,1,1,"US",1,5,1,5,1,4,1,5,1,5,4,3,5,2,4,2,5,4,4,4,3,4,1,5,3,3,3,3,5,1,3,2,5,2,4,1,3,3,3,5,4,1,5,1,4,1,5,4,5,5,31,35,29,31,37,"Americas"
144,1,15,1,2,1,5,"US",2,2,4,3,3,2,2,1,1,3,3,5,3,1,2,2,1,1,2,1,2,3,1,2,3,2,2,5,4,3,1,1,5,1,1,2,5,2,5,4,2,2,1,2,2,4,5,1,4,2,27,25,23,27,21,"Americas"
145,1,14,1,2,1,5,"US",3,5,3,3,3,3,3,5,3,5,5,3,5,5,5,5,5,5,5,5,3,1,3,1,5,5,5,1,1,3,1,5,1,5,5,5,1,5,3,1,1,3,1,1,1,3,3,3,5,1,28,22,36,32,48,"Americas"
146,1,23,1,2,1,1,"US",3,1,5,1,5,1,5,3,3,2,3,4,3,4,2,3,2,2,2,2,1,5,3,4,1,4,1,4,4,4,3,5,4,2,1,5,3,2,2,4,5,1,5,1,4,1,4,5,4,5,31,35,29,31,27,"Americas"
147,11,27,2,2,1,4,"US",3,3,3,3,4,3,3,3,4,5,5,4,5,3,5,5,5,5,5,3,2,4,1,5,2,5,4,5,5,5,4,4,4,2,4,4,2,1,5,3,3,3,3,3,4,4,3,3,5,4,38,35,34,33,45,"Americas"
148,3,47,NA,2,1,1,"US",3,1,3,1,4,1,4,2,5,2,5,1,5,1,5,5,4,3,3,5,1,5,2,5,1,4,1,5,5,4,4,4,4,2,3,3,4,1,5,5,5,1,5,1,5,1,5,5,5,5,33,38,26,35,37,"Americas"
149,1,19,1,2,1,3,"US",1,4,3,5,2,2,1,5,1,5,4,4,4,3,1,5,1,2,4,1,2,3,2,4,2,5,3,4,4,3,4,4,4,4,1,5,1,2,1,3,4,2,5,3,5,1,5,4,5,5,32,39,29,29,29,"Americas"
150,3,20,1,3,1,5,"US",1,5,2,3,2,4,1,5,1,4,3,2,5,1,1,3,2,1,4,5,1,3,5,5,2,4,3,4,5,3,5,4,4,3,3,4,2,4,4,5,2,1,5,2,5,1,3,4,4,5,35,32,28,38,27,"Americas"
151,3,17,1,1,1,1,"US",1,2,4,3,2,2,5,2,5,4,4,2,5,1,3,4,5,5,2,5,1,5,1,5,1,5,1,5,5,5,4,5,5,4,2,1,4,4,1,3,3,1,4,1,4,1,5,4,5,5,34,33,30,33,36,"Americas"
152,13,25,2,2,NA,1,"US",1,5,1,4,2,3,2,3,4,4,4,3,4,3,4,4,5,5,5,2,3,5,4,3,3,2,1,3,2,3,4,5,5,4,1,3,4,4,1,3,4,1,5,1,3,1,4,4,5,5,29,33,29,34,39,"Americas"
153,3,38,1,1,1,5,"US",4,2,5,2,5,2,5,2,3,1,2,5,2,5,2,2,3,1,2,1,1,5,1,5,2,4,2,5,4,5,4,3,4,1,3,3,3,1,4,4,3,1,5,1,4,1,4,1,3,4,34,27,31,30,25,"Americas"
154,13,21,2,1,1,1,"US",4,1,3,3,5,2,3,3,3,4,2,5,3,3,3,4,4,3,5,4,5,4,3,4,2,4,3,4,5,4,4,4,3,4,3,3,3,3,5,3,3,5,3,3,4,3,4,3,5,4,38,37,31,35,36,"Americas"
155,3,41,1,2,1,1,"US",1,3,4,3,3,4,2,3,3,4,4,4,3,4,2,3,2,1,3,1,1,5,1,4,2,5,2,4,3,4,4,4,4,2,3,3,4,2,2,4,3,3,4,2,3,2,4,2,5,3,31,31,30,32,27,"Americas"
156,1,19,1,2,1,2,"US",1,3,1,4,4,5,1,2,1,5,5,1,5,2,1,4,5,4,4,4,2,4,2,4,1,4,1,4,4,2,1,4,5,4,1,4,2,3,1,3,4,1,5,1,3,1,1,2,5,5,28,28,27,28,35,"Americas"
157,11,45,2,1,1,1,"US",4,4,4,2,3,2,4,4,5,3,2,4,4,4,1,2,1,1,2,2,1,3,1,5,2,5,2,5,5,5,4,1,5,1,5,1,5,1,5,5,4,1,4,1,5,4,5,1,5,3,34,33,35,33,23,"Americas"
158,3,55,1,2,1,2,"US",3,1,5,2,5,2,5,2,4,2,4,2,4,3,3,2,2,1,4,3,1,5,1,5,1,4,1,4,4,5,4,2,4,2,3,1,4,1,2,5,5,2,5,3,3,1,5,4,5,4,31,37,31,28,28,"Americas"
159,4,13,1,2,1,1,"CA",1,5,1,5,1,5,5,5,1,5,5,5,1,4,5,1,5,5,5,1,5,1,5,1,5,1,5,1,1,1,1,1,5,5,1,5,5,5,1,5,5,5,5,5,5,1,5,5,1,5,26,42,34,34,37,"Americas"
160,1,32,1,2,1,1,"US",4,1,4,1,4,1,5,3,5,4,5,2,4,1,2,5,5,5,3,3,1,5,1,5,1,5,1,5,5,5,4,3,2,3,4,2,4,1,4,3,2,1,5,1,5,1,5,1,5,5,34,31,32,30,35,"Americas"
161,3,59,1,1,1,1,"US",1,3,1,5,2,5,1,5,1,5,4,2,4,1,5,5,4,5,4,5,3,3,2,5,3,5,3,4,4,3,5,2,3,2,5,3,3,1,4,3,5,5,3,4,5,4,4,3,4,3,35,40,29,31,39,"Americas"
162,3,46,1,2,1,2,"US",3,2,4,3,4,2,4,3,3,2,2,4,2,3,1,1,1,1,1,2,1,5,1,4,2,4,1,4,4,5,4,2,4,1,4,1,4,1,4,4,5,1,4,1,4,1,5,2,5,4,31,32,30,29,18,"Americas"
163,3,17,1,1,1,5,"US",2,4,4,4,2,4,2,5,2,5,4,2,5,4,2,3,4,3,4,4,2,4,2,4,2,4,2,3,2,3,2,2,4,5,3,1,4,2,4,2,1,3,4,2,2,2,3,2,3,3,28,25,34,29,35,"Americas"
164,3,17,1,2,1,1,"US",2,4,2,5,2,3,1,5,1,5,5,4,4,2,3,4,4,4,3,4,1,5,1,5,1,5,1,5,5,4,3,4,3,4,3,4,3,2,4,5,5,2,5,2,3,1,4,5,4,4,33,35,30,35,37,"Americas"
165,11,17,1,2,1,5,"US",4,4,3,4,3,2,3,3,3,4,2,3,5,2,1,4,5,3,5,3,4,3,4,2,2,3,2,3,2,2,4,3,3,3,3,5,5,1,4,4,5,3,3,4,3,3,4,4,5,3,27,37,33,35,33,"Americas"
166,3,34,1,1,1,1,"US",1,5,2,5,3,4,1,5,1,5,4,2,5,2,4,4,4,4,4,4,1,5,2,5,2,4,3,4,5,5,2,2,5,4,2,3,3,1,3,5,4,2,4,1,3,2,3,3,5,4,36,31,32,30,37,"Americas"
167,13,21,1,2,1,5,"US",3,1,3,2,4,3,4,3,5,2,4,3,3,3,5,5,3,3,4,3,3,3,3,3,3,3,3,3,3,3,2,2,3,4,1,5,3,3,3,3,1,4,4,2,3,1,3,2,3,3,30,26,30,29,36,"Americas"
168,1,26,1,1,1,1,"US",3,2,4,2,4,2,4,3,3,3,3,3,5,3,2,3,2,2,2,2,1,4,3,4,2,4,2,3,4,3,4,4,4,3,2,3,3,2,4,2,4,3,4,2,4,2,4,4,4,3,30,34,30,31,27,"Americas"
169,3,21,1,2,2,2,"US",3,2,4,2,4,2,2,4,4,4,5,3,5,2,3,4,4,4,4,3,1,5,2,5,2,4,2,4,4,3,5,2,3,1,4,1,5,2,4,3,3,2,5,3,4,1,3,2,4,3,32,30,31,30,37,"Americas"
170,1,37,1,2,1,5,"US",1,2,5,3,4,1,1,5,1,5,2,5,3,4,2,1,1,1,1,1,5,5,1,5,3,3,3,5,5,5,4,1,5,1,5,1,5,1,4,1,4,2,4,1,3,1,5,1,4,5,40,30,28,28,21,"Americas"
171,1,26,2,2,1,1,"AR",1,4,3,4,1,3,1,5,1,5,2,4,4,1,2,3,1,2,2,1,1,5,1,4,1,3,2,5,2,3,3,5,2,4,2,4,3,5,1,2,3,4,3,5,3,3,4,3,5,3,27,36,28,31,22,"Americas"
172,3,39,1,1,1,1,"CA",3,3,4,2,4,3,2,2,3,5,2,4,3,2,2,2,2,2,3,2,2,4,3,4,2,4,2,4,4,3,3,4,4,2,1,3,3,2,3,4,4,3,3,2,3,3,3,2,4,2,32,29,31,29,24,"Americas"
173,3,36,1,2,1,1,"US",3,2,4,2,3,2,3,2,3,3,3,3,3,2,3,3,3,2,4,2,2,4,2,4,2,2,2,4,2,4,4,5,2,1,3,3,4,2,2,3,5,2,5,2,4,1,4,4,2,5,28,34,27,29,28,"Americas"
174,3,34,1,1,1,2,"US",3,2,4,4,3,2,1,5,2,3,3,3,3,5,3,1,1,1,1,1,4,2,5,2,5,1,4,2,1,1,2,5,5,4,2,5,5,5,1,5,4,1,2,1,4,5,5,4,5,5,27,36,29,39,22,"Americas"
175,3,52,1,2,1,1,"US",1,4,4,2,4,2,4,3,2,4,3,4,3,4,2,3,2,2,3,2,1,4,1,4,1,5,1,4,4,4,5,3,5,1,4,1,4,1,3,4,4,2,5,3,4,1,4,2,4,4,29,33,30,31,28,"Americas"
176,3,26,1,1,1,5,"US",3,2,4,2,4,2,4,3,3,3,1,5,2,4,1,1,1,1,1,1,1,5,1,4,2,4,1,3,4,4,4,3,5,1,3,2,4,2,3,5,4,1,5,1,5,1,4,4,4,4,29,33,30,32,18,"Americas"
177,11,21,1,2,1,1,"US",2,3,2,4,1,2,2,5,5,5,1,5,5,3,1,5,1,1,1,2,4,3,1,1,1,3,1,5,1,3,2,3,1,1,1,2,3,5,1,5,3,1,5,1,3,1,5,3,5,5,23,32,31,24,25,"Americas"
178,4,22,1,2,1,1,"TT",1,2,1,2,5,2,2,4,2,1,1,4,2,4,1,2,2,2,4,1,2,5,4,1,4,2,2,4,1,2,2,4,4,4,1,4,4,2,2,4,4,1,5,2,4,1,5,4,4,4,27,34,22,31,23,"Americas"
179,8,57,1,2,1,1,"US",5,1,1,5,5,1,5,5,5,5,5,1,5,1,1,5,1,1,5,5,1,5,5,5,1,5,1,5,5,5,1,1,5,1,5,1,5,1,5,5,1,5,5,1,5,1,5,1,5,5,38,34,38,30,30,"Americas"
180,6,33,1,2,1,2,"US",4,1,5,2,5,2,4,4,4,2,4,3,4,2,4,3,3,1,3,1,1,5,1,4,2,3,1,5,3,5,3,3,4,1,3,3,5,2,4,4,3,4,2,4,3,4,3,3,3,2,30,31,33,32,28,"Americas"
181,3,20,1,1,2,5,"US",2,5,1,5,1,1,1,5,2,5,1,2,4,5,1,2,2,4,2,1,4,1,2,1,5,1,5,1,2,2,4,1,4,1,2,1,4,2,5,4,4,2,2,2,4,2,4,4,5,5,24,34,28,28,24,"Americas"
182,3,15,1,1,1,5,"US",1,2,4,4,3,4,3,2,5,5,3,4,5,1,4,5,5,3,5,5,2,3,3,3,3,4,3,2,5,3,5,3,4,2,2,2,5,3,4,4,5,2,5,3,5,2,5,4,5,5,31,41,33,34,40,"Americas"
183,1,34,1,2,2,1,"US",4,1,5,1,5,1,5,2,3,1,3,4,4,4,2,1,1,2,2,1,1,4,1,4,1,4,1,4,4,4,4,2,4,1,3,2,3,3,2,4,3,2,4,2,3,1,4,3,3,3,28,28,28,28,24,"Americas"
184,1,19,1,2,1,1,"CA",3,4,2,3,2,3,4,4,4,5,5,3,4,2,4,3,4,4,3,3,2,5,2,4,1,4,2,4,4,3,4,4,4,4,3,4,4,4,3,5,4,2,5,1,4,2,5,4,4,4,31,35,34,39,35,"Americas"
185,13,23,2,1,1,1,"CA",4,4,5,5,4,2,4,1,4,5,5,5,5,3,5,5,4,4,4,3,5,5,4,5,2,5,2,5,5,4,3,5,5,5,1,4,3,5,1,1,4,3,5,2,5,1,5,1,5,5,42,36,38,33,43,"Americas"
186,3,24,1,1,2,2,"US",1,5,4,5,2,4,1,4,2,5,5,5,5,2,3,4,4,5,3,3,1,5,1,5,1,5,1,3,5,2,4,4,5,3,1,1,5,1,5,4,1,1,5,1,5,1,5,1,5,5,29,30,33,33,39,"Americas"
187,13,42,1,1,1,4,"US",1,3,5,2,5,4,2,5,2,3,4,3,3,2,5,5,5,5,5,3,1,4,1,5,1,4,1,5,4,5,3,1,1,2,4,5,5,1,3,4,3,2,4,2,4,2,4,2,5,4,31,32,32,29,40,"Americas"
188,8,22,2,2,3,1,"CA",3,2,1,2,4,1,5,3,4,4,3,4,4,2,1,3,5,3,5,3,2,2,5,1,5,1,1,1,1,5,5,3,1,4,5,1,5,1,5,5,4,1,5,2,5,1,5,5,2,5,24,35,29,35,33,"Americas"
189,3,21,2,2,1,2,"US",1,4,4,4,2,2,3,5,5,5,3,5,4,1,1,1,4,3,1,5,3,5,1,5,1,5,1,5,5,5,4,2,5,3,4,1,5,1,5,5,5,3,5,2,5,1,5,5,5,5,36,41,35,35,28,"Americas"
190,13,22,2,2,1,1,"CO",2,5,2,4,2,2,2,4,2,5,4,3,4,3,3,3,2,2,2,2,2,4,2,4,2,4,2,4,5,3,2,4,3,3,2,5,3,4,2,3,4,1,3,1,4,3,5,4,3,4,32,32,30,31,28,"Americas"
191,13,19,1,1,1,1,"US",4,2,3,2,5,1,1,3,2,2,2,4,4,4,4,3,4,4,4,3,5,4,4,5,2,3,3,5,5,5,2,3,5,2,2,1,5,3,3,5,3,1,5,1,5,1,5,2,5,5,41,33,25,31,36,"Americas"
192,13,38,1,2,2,1,"US",3,2,3,2,3,3,3,3,2,2,3,3,4,2,2,2,2,3,2,2,1,3,1,4,3,4,2,4,4,4,4,1,4,1,4,1,4,1,4,4,3,2,3,3,4,2,3,3,3,4,30,30,26,28,25,"Americas"
193,3,19,1,2,2,1,"CA",1,3,1,5,1,4,2,3,1,5,2,5,3,3,2,3,4,3,4,2,1,1,1,5,4,3,4,4,4,2,3,5,4,4,1,5,4,2,2,3,4,2,4,2,4,2,5,4,5,4,29,36,26,33,31,"Americas"
194,3,51,1,2,1,2,"US",1,3,1,5,3,3,3,1,4,5,4,1,5,1,5,5,3,1,5,5,1,3,4,5,2,5,5,1,1,1,4,4,5,1,1,4,5,3,1,5,1,1,5,1,5,1,5,5,5,5,28,34,29,33,35,"Americas"
195,3,41,1,1,1,1,"US",3,2,3,4,3,2,3,4,3,4,5,3,5,2,4,2,3,4,2,3,4,4,2,2,2,2,2,3,3,4,2,1,5,3,4,5,5,2,2,4,3,2,2,2,2,2,4,3,2,4,28,26,31,33,33,"Americas"
196,13,14,1,3,1,2,"US",5,1,3,1,5,1,5,1,1,3,1,4,3,1,3,1,5,5,3,1,5,5,1,3,1,3,1,5,3,5,4,4,5,3,3,1,5,5,5,3,3,1,5,1,1,1,2,5,3,5,32,27,26,38,27,"Americas"
197,1,24,2,2,1,5,"CO",2,3,5,3,4,4,4,4,5,1,2,3,4,2,2,2,2,2,3,2,3,4,1,4,3,3,2,3,4,3,4,1,4,1,3,2,5,3,3,3,5,3,3,3,5,2,5,3,4,2,30,35,35,29,24,"Americas"
198,1,19,1,2,1,5,"US",5,3,5,1,5,3,5,3,3,3,3,5,3,3,3,3,3,3,1,3,1,5,3,5,1,5,1,5,5,5,5,5,5,1,3,1,3,3,5,3,3,1,5,1,5,1,3,3,5,5,36,32,36,34,30,"Americas"
199,11,19,1,1,1,2,"US",1,2,1,4,1,4,1,5,1,5,4,2,4,2,4,4,4,4,4,4,2,4,2,4,2,3,2,2,3,1,2,3,4,4,2,3,4,4,2,4,4,4,3,2,2,4,3,4,4,2,25,32,25,32,36,"Americas"
200,12,29,1,2,3,1,"US",2,3,3,3,3,2,3,5,1,3,4,3,4,2,3,2,4,3,2,3,2,4,2,4,2,4,2,4,3,4,2,4,4,4,1,3,3,1,2,3,5,3,5,3,3,1,4,5,4,3,31,36,28,27,30,"Americas"
201,9,21,2,2,1,1,"PH",1,3,2,3,3,4,2,5,1,4,2,5,5,4,3,4,5,5,5,4,4,1,4,4,3,5,5,3,4,3,4,5,4,4,2,5,5,3,4,3,1,3,2,3,3,1,4,1,5,5,36,28,28,39,42,"Asia"
202,4,14,2,2,1,1,"IN",1,3,3,5,2,3,1,5,5,5,5,2,5,4,3,2,5,5,5,3,5,3,1,5,4,5,3,3,5,5,1,5,3,5,1,5,1,5,1,3,3,1,5,1,5,1,3,5,5,5,39,34,33,30,39,"Asia"
203,4,24,2,1,1,1,"IN",2,4,4,2,3,4,2,1,5,3,4,2,2,3,4,4,5,4,2,4,3,4,1,5,4,5,3,3,5,5,3,1,4,1,3,3,4,1,3,3,3,4,3,3,5,2,4,1,3,5,38,33,30,26,34,"Asia"
204,4,19,2,1,1,1,"IN",2,4,3,1,4,4,3,4,3,5,3,4,4,2,3,2,4,4,2,3,1,3,1,5,1,4,2,3,5,3,4,2,3,3,1,4,3,4,2,2,4,3,3,3,3,3,4,4,4,3,28,34,33,28,31,"Asia"
205,11,19,2,2,1,3,"PH",3,1,3,2,5,2,1,3,3,3,2,5,3,3,3,3,3,3,2,2,4,4,4,5,2,5,2,4,4,4,2,3,4,4,2,4,4,3,1,2,3,3,4,3,3,2,5,2,4,3,38,32,26,29,29,"Asia"
206,4,26,2,1,1,1,"IN",5,4,4,4,2,2,2,1,4,4,3,3,4,3,3,3,3,2,3,4,4,4,1,4,2,4,4,4,4,3,3,3,5,3,3,4,4,3,3,2,2,1,3,2,4,2,4,4,4,4,34,30,32,33,31,"Asia"
207,4,24,2,1,1,2,"IN",3,4,4,3,4,3,2,3,4,4,2,5,4,3,1,1,4,4,1,3,4,4,1,3,4,5,2,3,4,4,3,4,4,4,4,4,4,3,3,3,3,3,4,3,3,4,4,2,3,3,34,32,34,36,28,"Asia"
208,4,16,1,2,1,1,"IN",1,5,1,5,1,1,1,5,1,5,5,1,5,1,5,5,5,5,5,5,1,5,5,5,1,5,2,5,5,3,1,5,5,5,1,5,5,5,1,2,2,1,5,1,4,1,5,1,5,5,37,30,26,35,42,"Asia"
209,4,19,2,1,1,1,"PK",3,1,5,3,4,2,5,1,5,2,3,4,4,3,2,2,2,2,2,3,1,5,4,4,1,4,1,4,5,4,2,4,4,5,4,5,2,3,2,4,1,4,3,4,4,1,4,2,3,3,33,29,31,35,27,"Asia"
210,13,25,2,1,1,1,"IN",3,1,5,5,5,2,5,1,4,2,5,5,4,4,4,4,4,5,5,5,1,5,4,5,2,5,1,3,5,5,4,1,2,4,3,1,4,3,1,5,2,1,5,1,5,1,5,1,5,4,36,30,33,28,45,"Asia"
211,11,34,2,2,1,5,"PH",3,5,2,4,2,4,3,4,2,5,4,4,4,2,2,1,4,4,2,4,1,3,1,4,3,5,2,4,4,4,4,1,4,2,2,1,4,2,4,4,4,2,5,2,4,1,4,4,5,5,31,36,34,28,31,"Asia"
212,4,30,2,1,1,1,"IN",3,4,4,4,5,4,5,3,4,3,3,2,4,4,2,3,2,3,2,3,2,4,1,5,4,4,4,4,5,4,3,1,3,1,4,1,4,3,4,3,2,2,4,2,4,1,4,1,3,5,37,28,39,27,28,"Asia"
213,13,20,2,2,1,1,"PK",2,5,1,5,2,5,2,5,1,5,5,3,5,3,5,4,4,4,4,2,1,4,4,4,2,4,4,3,5,3,3,4,3,5,1,5,4,3,2,3,1,5,5,5,3,2,4,2,3,3,34,33,33,33,39,"Asia"
214,6,23,1,1,1,1,"KR",5,1,5,1,5,1,5,4,5,4,2,4,4,5,1,1,2,1,1,1,1,5,4,5,1,5,1,5,5,5,4,1,4,1,2,1,5,3,5,4,5,4,2,3,4,4,5,5,5,4,37,41,36,30,22,"Asia"
215,4,33,2,1,1,1,"IN",2,4,5,5,5,3,1,1,3,3,1,1,5,1,1,1,4,5,1,3,5,3,1,5,1,5,3,3,5,5,3,1,5,1,5,1,3,1,5,4,3,1,5,5,5,1,5,1,3,5,36,34,32,29,23,"Asia"
216,4,25,2,2,1,1,"IN",2,2,2,3,1,2,1,2,4,5,4,4,4,4,4,5,5,5,5,4,4,2,1,5,2,5,3,4,5,4,3,2,4,2,3,1,5,3,5,3,2,3,3,2,3,1,4,3,5,4,35,30,24,31,44,"Asia"
217,4,20,1,2,1,1,"IN",3,1,2,3,4,2,3,3,5,5,5,4,4,2,4,5,4,5,5,3,4,4,1,4,2,5,2,4,4,5,2,5,3,5,1,4,4,2,3,4,4,2,5,1,3,1,2,3,5,4,35,30,31,33,41,"Asia"
218,4,54,2,1,1,1,"IN",4,3,3,3,5,3,3,3,3,3,1,3,4,1,2,2,1,2,3,1,1,5,2,4,4,1,3,5,5,5,5,4,5,1,5,1,1,1,4,5,3,1,4,4,5,1,5,2,3,5,35,33,33,32,20,"Asia"
219,11,22,2,1,1,1,"IN",2,3,3,4,3,5,2,1,2,5,4,3,4,2,4,4,5,5,4,4,2,4,1,5,2,4,3,2,3,3,2,5,3,4,2,4,3,4,2,3,3,2,4,2,2,3,4,3,4,2,29,29,30,32,39,"Asia"
220,13,21,2,2,3,2,"PK",4,3,4,5,3,2,2,3,4,2,1,5,3,3,4,2,5,4,1,3,3,5,1,5,2,5,5,4,5,2,4,5,3,2,1,5,1,2,1,3,3,2,5,1,4,1,5,1,1,4,37,27,32,27,31,"Asia"
221,11,19,2,2,1,2,"MY",1,3,3,3,4,3,3,3,5,5,1,5,1,4,3,2,2,2,4,2,3,2,4,3,4,4,4,4,3,4,2,5,4,2,4,5,4,1,3,4,4,1,5,1,5,1,5,4,5,5,35,36,33,34,26,"Asia"
222,13,20,2,1,1,1,"IN",3,2,4,1,2,1,3,1,5,4,2,2,4,4,2,2,3,2,3,2,2,5,2,2,2,4,2,4,4,3,4,1,4,2,4,1,5,2,3,5,3,3,4,1,4,2,4,2,3,4,30,30,26,31,26,"Asia"
223,4,32,2,1,1,1,"IN",1,2,4,4,4,4,3,4,4,4,3,3,4,3,3,3,4,4,3,3,4,5,2,4,2,4,1,3,4,5,2,4,4,3,5,4,1,1,2,3,3,2,4,2,4,2,4,3,5,4,34,33,34,29,33,"Asia"
224,4,25,2,2,1,1,"IN",2,4,3,4,3,2,3,4,3,4,5,2,5,2,4,5,4,4,5,4,2,3,3,5,3,3,3,4,5,3,4,1,5,2,3,2,4,2,4,4,5,4,4,2,5,1,5,5,5,4,34,40,32,31,40,"Asia"
225,11,17,2,1,1,2,"MY",3,4,2,4,3,4,2,2,3,5,1,5,4,3,2,1,4,3,2,2,4,4,2,4,2,5,2,4,4,4,5,3,2,4,3,2,4,2,4,3,2,2,5,4,4,2,3,3,4,5,35,34,32,32,27,"Asia"
226,NA,31,2,2,1,2,"IN",1,4,4,4,4,3,4,4,4,4,2,4,4,4,4,2,3,3,4,4,2,4,3,4,3,2,2,3,3,3,4,2,4,1,4,1,4,3,4,4,4,3,3,2,3,3,4,4,4,3,29,33,36,31,34,"Asia"
227,1,27,2,1,1,1,"ID",4,1,4,2,4,2,5,2,4,4,2,5,4,3,4,4,4,4,4,4,1,5,5,3,2,4,2,3,4,3,2,1,5,4,4,4,3,2,3,5,5,1,4,1,5,2,5,5,5,5,32,38,32,33,38,"Asia"
228,11,16,2,1,1,5,"PK",2,4,4,5,3,4,3,5,5,5,4,4,5,3,5,2,4,5,2,3,5,5,1,4,1,5,1,4,4,3,4,4,4,4,4,4,5,3,4,4,3,1,5,1,5,1,5,2,4,5,33,32,40,40,37,"Asia"
229,11,19,2,2,1,5,"MY",3,1,3,3,4,1,3,4,3,4,4,3,3,3,3,1,4,3,3,3,2,3,1,3,3,5,3,3,4,4,3,1,5,2,3,3,5,1,2,3,3,3,5,3,4,1,4,3,3,5,31,34,29,28,30,"Asia"
230,13,18,2,1,1,2,"PK",5,4,2,5,3,4,2,1,4,2,5,3,2,4,5,3,4,3,3,3,5,4,1,3,3,2,2,3,3,5,1,4,4,4,3,2,1,1,5,3,2,3,3,3,3,3,2,2,3,4,31,28,32,28,35,"Asia"
231,4,23,2,1,1,1,"IN",1,5,3,4,2,5,2,4,3,5,2,4,4,4,2,2,5,4,2,2,2,4,1,4,3,4,3,2,4,4,2,4,4,3,4,2,3,1,4,5,4,3,5,2,4,1,4,3,5,5,31,36,34,32,31,"Asia"
232,4,25,2,2,1,1,"IN",5,3,1,3,1,5,1,3,3,5,5,1,5,1,5,5,5,5,5,5,5,3,3,5,1,5,3,4,5,5,1,5,3,3,1,5,5,3,1,1,1,1,5,3,1,1,3,5,5,4,39,29,30,28,42,"Asia"
233,12,23,2,1,1,1,"PH",3,3,4,3,5,4,5,3,3,4,4,3,4,3,2,3,3,2,3,3,2,4,2,4,4,5,4,3,4,4,2,5,5,2,1,2,3,3,3,5,4,1,3,1,5,4,4,2,4,4,36,32,37,31,30,"Asia"
234,11,22,2,2,1,5,"CN",5,2,4,4,5,2,4,2,5,2,2,2,3,2,3,2,4,3,2,3,4,5,4,1,5,1,4,4,1,2,3,3,5,2,4,1,3,5,4,4,3,1,4,1,5,1,4,5,4,4,31,32,35,34,26,"Asia"
235,13,32,2,2,1,1,"IN",2,2,4,3,5,1,3,2,5,1,5,3,1,3,1,1,1,4,5,2,4,5,4,4,1,3,1,4,4,5,1,5,5,3,5,1,5,1,2,5,1,1,5,3,5,1,5,1,4,5,35,31,28,33,26,"Asia"
236,4,29,2,1,1,1,"IN",4,2,4,2,4,2,4,1,5,3,3,2,3,2,4,5,4,4,3,3,2,4,3,4,2,5,2,4,5,4,3,2,3,2,4,3,3,4,4,3,4,1,4,2,5,1,5,2,4,4,35,32,31,31,33,"Asia"
237,11,18,2,2,1,1,"ID",1,3,3,4,3,5,2,5,1,5,5,1,5,3,3,4,5,5,5,3,4,3,1,5,2,5,2,5,5,2,4,3,1,4,4,2,1,4,4,3,3,4,3,3,2,3,3,1,5,3,34,30,32,30,39,"Asia"
238,4,21,2,2,1,1,"IN",1,3,3,5,3,3,5,1,2,5,5,2,5,5,3,5,5,5,5,5,5,5,2,3,1,5,3,3,5,5,4,4,5,5,3,4,3,5,5,5,3,2,5,3,4,1,5,2,5,5,37,35,31,43,45,"Asia"
239,5,16,1,2,1,5,"AE",1,4,3,4,4,2,2,4,2,4,3,4,4,4,2,2,2,2,2,2,2,4,2,4,4,4,2,4,4,3,4,2,4,4,2,4,3,4,2,4,4,2,3,2,3,2,4,3,4,4,33,31,30,33,27,"Asia"
240,11,20,2,2,1,1,"PH",2,4,4,3,2,4,4,4,4,4,2,4,4,4,2,4,2,2,2,2,5,2,1,4,2,4,4,4,4,4,4,4,4,4,4,4,1,2,4,4,3,4,4,4,2,4,4,2,4,4,34,35,35,35,28,"Asia"
241,4,23,2,1,1,2,"IN",2,5,4,3,4,5,1,5,2,5,1,5,4,5,2,3,3,1,1,2,5,5,2,5,2,5,3,5,5,5,3,3,4,1,3,2,1,3,3,4,3,2,4,1,5,1,4,1,5,5,42,31,36,27,27,"Asia"
242,4,33,1,2,1,1,"AE",1,1,4,2,3,4,3,4,4,4,3,1,5,4,3,3,4,4,3,4,5,3,1,2,1,4,3,4,4,4,3,3,5,5,2,4,3,4,3,4,3,3,3,4,4,1,4,1,4,4,31,31,30,36,34,"Asia"
243,11,16,1,1,1,1,"SG",2,3,3,3,5,3,1,2,5,4,4,2,4,1,4,5,5,5,5,5,1,5,4,4,1,5,2,5,5,2,3,4,4,2,3,5,3,1,2,4,4,2,4,3,5,2,4,5,4,2,34,35,31,31,40,"Asia"
244,4,25,2,2,1,1,"IN",4,3,4,1,4,1,5,1,5,4,1,3,2,4,1,4,4,4,1,5,5,4,2,2,2,4,1,3,5,4,3,4,1,1,3,5,3,2,2,3,2,4,3,1,5,1,4,1,2,5,32,28,32,27,29,"Asia"
245,11,14,2,2,1,1,"PH",2,2,3,3,3,2,3,3,4,3,3,3,4,2,4,2,5,5,4,5,4,3,5,3,4,3,4,3,3,3,3,4,4,4,2,4,4,4,3,3,5,3,4,3,1,4,3,3,3,3,35,32,28,35,37,"Asia"
246,11,19,1,2,1,5,"MY",2,3,3,2,4,3,2,2,3,4,3,2,3,4,4,3,3,1,2,1,2,2,1,5,5,3,3,3,4,4,3,3,4,1,4,4,2,1,3,5,3,3,3,3,2,3,3,2,3,3,32,28,28,30,26,"Asia"
247,13,34,1,1,1,1,"SA",4,1,4,4,5,2,4,3,3,5,4,1,5,1,4,3,4,2,3,1,5,5,1,5,3,4,2,3,3,4,2,4,3,4,2,2,3,2,2,5,1,5,4,5,3,1,3,1,4,5,35,32,35,29,28,"Asia"
248,4,22,2,2,1,1,"IN",2,3,3,3,2,4,2,3,3,3,3,4,4,3,4,4,4,4,4,3,4,2,1,5,2,5,3,3,4,3,4,2,4,2,4,2,2,3,2,3,1,4,3,4,3,3,3,1,3,3,32,28,28,28,37,"Asia"
249,4,19,2,2,1,1,"IN",4,1,3,4,4,5,1,1,5,2,4,4,4,2,5,4,1,1,5,4,4,4,2,5,4,4,5,5,5,5,5,1,5,2,2,4,2,3,3,4,5,2,5,2,5,1,1,3,5,4,43,33,30,31,34,"Asia"
250,11,17,2,1,1,2,"ID",1,5,3,4,2,5,2,4,1,3,2,4,3,3,2,2,3,2,2,3,4,2,1,3,3,4,4,3,3,3,4,2,3,2,4,3,4,2,4,4,3,2,3,2,3,2,4,4,5,3,30,31,30,32,26,"Asia"
251,11,20,2,2,1,2,"IN",1,3,4,2,3,2,2,2,5,4,3,3,5,3,4,4,5,4,4,2,5,4,1,5,1,5,3,5,5,5,3,2,5,2,4,5,3,3,2,3,3,3,4,2,3,2,3,2,3,4,39,29,28,32,37,"Asia"
252,4,23,2,1,1,2,"IN",4,2,4,1,5,1,1,4,1,5,2,4,4,5,1,1,1,1,4,5,4,5,1,4,1,5,2,5,4,1,2,4,5,1,3,1,2,4,1,5,1,4,5,1,2,1,2,1,4,3,32,24,28,28,28,"Asia"
253,11,25,2,2,1,1,"ID",2,4,2,4,4,2,1,4,2,5,5,3,5,2,5,5,3,4,4,4,4,4,2,4,2,5,3,4,4,4,3,3,2,2,5,1,2,4,3,3,2,4,5,3,3,2,2,1,4,2,36,28,30,28,40,"Asia"
254,11,21,2,1,1,1,"IN",3,3,4,2,3,3,4,3,3,3,3,3,4,3,4,4,3,3,4,3,4,4,3,4,3,4,4,4,4,3,4,1,4,4,3,1,2,3,3,3,3,2,3,2,5,1,5,3,3,4,37,31,31,28,34,"Asia"
255,4,16,1,2,2,1,"IN",3,4,4,4,4,4,4,4,4,5,1,4,3,4,2,2,5,5,2,4,2,4,2,5,4,5,4,4,5,4,3,5,5,2,2,5,5,5,1,2,4,2,4,2,4,1,2,3,4,3,39,29,40,35,32,"Asia"
256,4,21,2,1,1,1,"IN",3,2,2,3,2,5,2,3,1,3,5,2,5,5,5,5,5,5,5,5,3,3,2,4,2,5,2,4,5,3,3,1,5,4,2,5,3,4,1,3,4,5,3,4,3,5,4,4,5,3,33,40,26,31,47,"Asia"
257,4,27,2,1,1,1,"PK",3,2,5,1,5,4,2,1,4,5,2,2,5,3,5,4,5,4,5,3,3,5,4,5,2,5,2,5,5,4,2,3,5,4,3,4,5,4,5,4,4,5,4,4,5,1,4,3,4,5,40,39,32,39,38,"Asia"
258,4,22,2,1,1,5,"IN",1,2,5,3,4,3,4,1,3,2,2,3,3,3,3,3,3,3,3,1,1,1,1,4,1,3,1,3,4,5,5,2,4,1,1,1,3,1,5,5,3,3,4,1,4,1,4,1,3,4,24,28,28,28,27,"Asia"
259,4,19,1,2,1,1,"IN",4,2,3,3,2,2,4,3,3,5,5,3,5,1,4,4,5,5,5,5,2,4,4,4,2,3,1,4,5,4,2,5,2,4,1,5,1,4,1,2,5,1,5,1,5,1,5,3,5,5,33,36,31,27,42,"Asia"
260,13,27,2,1,1,1,"IN",1,1,1,5,5,1,1,5,5,5,1,1,5,1,1,1,1,1,1,1,5,5,1,5,1,5,1,5,5,5,1,5,5,5,5,5,1,1,5,5,1,1,5,1,5,1,5,1,1,5,38,26,30,38,14,"Asia"
261,3,46,1,2,1,2,"SA",3,2,4,4,2,3,3,3,5,5,3,4,5,3,5,3,3,3,5,1,1,4,1,5,3,5,3,5,5,5,4,4,4,5,1,1,5,3,1,4,4,1,4,1,3,2,5,4,5,5,37,34,34,32,35,"Asia"
262,13,15,2,1,1,1,"IN",3,3,5,3,3,3,2,4,3,3,1,5,3,3,2,3,2,3,2,4,4,4,2,2,5,5,2,5,4,4,3,3,4,3,3,5,3,3,3,4,3,1,4,1,4,5,4,3,4,5,37,34,32,34,28,"Asia"
263,11,21,2,1,1,1,"HK",1,3,2,4,3,3,2,4,2,4,1,2,4,1,2,3,4,4,3,5,3,4,4,4,3,4,2,3,4,4,4,4,4,2,4,2,4,5,4,4,4,1,4,1,4,2,4,5,5,4,35,34,28,37,29,"Asia"
264,11,42,2,1,1,1,"HK",2,4,3,4,3,4,1,2,5,4,5,3,3,3,4,4,3,2,5,1,4,2,3,4,3,3,4,3,3,3,3,5,2,2,4,2,1,2,2,4,2,2,4,1,5,2,3,2,2,4,32,27,32,27,33,"Asia"
265,11,15,2,2,1,1,"AE",1,4,1,3,1,5,1,1,5,5,5,1,5,4,2,4,5,2,4,5,4,1,2,4,5,2,5,1,4,3,4,1,4,2,3,2,3,1,3,3,2,1,5,1,5,1,1,2,2,5,31,25,27,26,37,"Asia"
266,3,20,2,2,3,2,"TR",4,3,2,4,5,5,5,1,3,5,4,2,5,5,3,2,4,2,3,5,4,5,1,5,1,5,1,5,5,4,4,2,5,2,4,1,5,1,5,4,3,1,5,1,4,1,5,5,5,5,36,35,37,33,35,"Asia"
267,4,26,2,1,1,1,"IN",4,1,5,5,3,1,5,1,5,1,1,5,1,5,1,1,2,1,1,5,1,5,1,5,1,5,1,5,5,5,1,5,3,5,3,5,1,1,1,1,3,1,5,1,5,1,5,1,3,5,34,30,31,26,23,"Asia"
268,9,23,2,1,1,2,"KR",2,2,2,4,4,2,2,3,3,5,3,2,3,4,2,3,2,2,3,2,4,3,3,3,2,3,3,3,3,3,4,5,4,2,4,1,4,2,4,4,4,2,4,1,4,2,4,4,5,4,30,34,29,34,26,"Asia"
269,11,34,2,1,1,1,"IN",2,5,3,4,2,4,2,3,3,5,4,2,3,4,2,4,4,4,2,4,3,5,1,2,4,1,4,4,4,4,3,3,5,3,2,3,3,2,3,3,2,2,5,1,3,1,4,3,4,4,32,29,33,30,33,"Asia"
270,9,22,2,2,1,1,"KR",4,5,5,3,5,2,5,3,3,3,4,3,4,4,4,3,2,3,4,2,5,5,2,5,3,4,2,3,5,3,3,2,4,2,3,2,3,3,4,3,3,1,5,1,5,5,4,1,4,5,37,34,38,29,33,"Asia"
271,4,22,2,1,1,1,"IN",3,2,2,4,4,2,2,4,4,3,3,4,4,3,1,2,3,1,4,1,1,4,4,5,2,3,3,3,4,4,2,5,3,4,2,5,1,4,1,2,3,2,4,2,4,1,4,4,5,4,33,33,30,29,26,"Asia"
272,11,14,2,2,1,1,"PH",1,3,3,2,2,4,1,5,5,2,4,2,4,2,4,5,5,3,4,2,3,2,3,3,3,3,2,2,3,2,3,1,3,2,2,1,1,2,4,2,2,1,2,2,4,1,5,3,2,3,26,25,28,21,35,"Asia"
273,3,19,2,1,1,2,"GE",3,2,2,3,4,2,2,1,5,2,3,1,5,1,4,4,5,5,3,5,4,2,4,5,2,5,4,5,5,3,4,2,5,2,2,5,5,4,4,5,5,1,5,1,4,2,5,4,5,4,39,36,26,38,36,"Asia"
274,11,18,1,2,1,1,"PH",3,1,4,4,4,2,3,2,5,4,2,4,3,3,1,1,2,2,2,2,1,5,2,5,1,1,2,5,4,3,4,3,5,2,2,3,4,3,4,3,5,2,3,1,4,3,5,4,5,2,29,34,32,33,22,"Asia"
275,13,29,2,2,1,5,"VN",2,3,4,4,4,3,2,2,4,2,5,4,2,4,2,1,2,4,1,2,2,3,1,4,2,2,2,4,4,4,4,3,4,2,2,2,5,2,4,4,4,2,4,2,4,2,4,2,4,4,28,32,30,32,27,"Asia"
276,11,16,1,2,1,1,"PH",4,1,5,4,4,3,5,4,2,1,2,4,4,4,2,1,3,2,3,2,1,5,2,4,1,4,1,4,4,4,3,4,3,2,3,4,3,3,3,3,2,2,4,3,3,2,4,1,3,3,30,27,33,31,27,"Asia"
277,1,21,1,1,1,1,"IN",2,2,3,2,4,2,3,4,4,4,2,4,4,2,2,2,2,2,2,2,2,4,4,4,2,2,2,4,4,3,3,4,4,2,2,2,4,2,4,3,3,2,4,2,3,2,4,3,4,4,31,31,30,30,24,"Asia"
278,13,24,2,1,1,1,"IN",3,4,2,2,4,2,2,5,4,4,3,3,3,3,4,4,5,2,2,3,3,5,3,4,2,3,4,2,4,3,4,1,5,1,4,4,5,3,5,3,4,4,5,2,5,1,5,5,2,4,33,37,32,35,32,"Asia"
279,11,18,2,2,1,1,"PH",1,1,3,2,4,1,2,4,3,4,4,2,5,5,5,5,5,5,5,4,2,4,2,3,2,5,2,4,5,5,5,2,5,1,2,1,5,3,5,4,3,4,3,5,3,1,5,1,5,3,34,33,25,33,45,"Asia"
280,4,25,2,2,1,1,"IN",1,1,5,5,1,5,3,5,5,5,5,5,5,5,5,5,5,3,5,5,3,4,1,3,1,5,3,1,4,3,2,5,5,5,3,5,5,3,1,5,4,5,5,5,5,1,5,1,1,3,28,35,36,39,48,"Asia"
281,4,26,2,1,1,5,"IN",3,3,3,3,3,3,2,3,3,4,1,3,3,4,4,2,2,2,2,2,2,4,2,5,2,4,3,3,3,4,3,2,3,2,3,5,3,4,2,4,4,2,4,3,4,4,4,2,2,4,32,33,30,31,25,"Asia"
282,11,20,2,1,1,3,"MY",3,5,3,4,1,4,2,5,2,4,5,3,5,4,2,1,2,3,2,2,5,2,4,4,3,3,5,4,3,3,2,1,2,5,2,3,2,3,3,3,2,5,1,4,2,2,3,2,4,3,36,28,33,26,29,"Asia"
283,11,24,2,1,1,1,"PH",3,2,5,3,3,4,2,3,5,3,2,4,2,3,2,2,2,2,2,2,2,4,2,4,2,4,2,4,4,4,4,1,4,1,4,2,4,2,5,4,3,3,4,1,3,1,4,1,4,4,32,28,33,31,23,"Asia"
284,11,21,2,2,2,2,"MY",2,4,3,4,4,4,1,4,3,4,2,3,5,2,1,4,2,2,3,2,1,5,2,4,1,5,1,4,4,3,3,5,4,5,2,5,3,3,2,2,4,2,3,2,3,4,3,2,5,3,30,31,33,34,26,"Asia"
285,11,20,2,2,1,1,"PH",4,1,3,1,5,1,5,3,5,4,5,4,3,2,3,5,5,5,5,3,5,5,2,5,1,3,1,3,5,5,4,5,4,3,5,5,5,3,5,5,3,1,3,1,4,3,5,2,5,3,35,30,32,44,40,"Asia"
286,3,39,1,1,1,2,"SA",1,3,2,4,2,2,1,5,1,5,5,1,5,1,5,5,5,5,2,5,1,5,1,5,1,5,2,5,5,3,3,1,4,2,1,1,5,4,2,3,5,1,4,1,5,2,5,5,5,4,33,37,26,26,39,"Asia"
287,4,21,2,2,1,1,"BD",1,4,4,5,4,2,1,5,1,4,5,3,5,3,4,2,5,1,4,3,2,4,3,4,3,3,1,4,4,3,4,2,4,2,4,3,5,2,5,4,4,2,5,2,4,2,4,5,2,4,31,34,31,35,35,"Asia"
288,4,16,2,2,1,1,"IN",3,1,5,3,3,1,5,3,5,1,5,1,5,3,5,5,5,5,5,4,5,4,1,5,1,5,3,5,5,5,1,5,1,3,1,5,1,5,1,1,4,3,5,2,3,5,5,2,5,5,39,39,30,24,43,"Asia"
289,11,23,2,1,2,5,"MY",2,3,3,4,3,3,3,2,4,4,4,5,3,5,2,2,1,2,2,1,2,4,1,4,2,5,2,4,4,4,3,2,2,3,2,4,3,4,4,4,4,2,1,2,4,1,3,2,4,5,32,28,31,31,27,"Asia"
290,3,71,2,1,1,1,"CN",1,4,2,4,2,2,1,2,2,3,4,2,4,2,4,4,2,2,4,2,1,5,2,4,2,4,2,4,4,4,3,3,4,1,3,4,4,3,4,3,2,4,3,2,4,2,4,2,4,4,32,31,23,32,30,"Asia"
291,11,21,2,2,2,1,"PH",2,3,3,3,3,2,3,2,4,4,5,3,4,2,2,3,4,3,3,2,3,4,3,4,3,3,3,4,5,4,5,1,4,2,3,1,3,2,2,4,4,2,5,3,5,1,5,4,5,4,36,38,29,27,31,"Asia"
292,11,27,2,3,1,1,"PH",3,2,5,3,5,3,5,2,2,3,4,3,5,2,4,4,3,3,2,3,3,5,5,5,1,5,2,4,4,5,4,5,5,2,2,5,5,3,5,3,4,2,5,2,5,1,4,3,4,5,39,35,33,39,33,"Asia"
293,4,27,2,1,1,1,"IN",5,1,5,2,5,1,5,2,5,4,4,4,4,3,4,4,3,4,4,3,1,4,3,4,3,4,1,4,4,4,3,5,5,3,4,5,3,3,2,4,3,3,4,3,4,1,5,4,3,5,32,35,35,37,37,"Asia"
294,4,16,1,2,1,1,"IN",3,4,2,4,2,4,3,4,2,5,4,2,4,3,5,5,5,5,5,3,5,3,2,5,3,5,4,3,5,5,3,1,3,3,3,3,4,3,4,4,2,4,4,2,3,2,4,2,3,3,40,29,33,31,41,"Asia"
295,4,15,2,2,1,1,"IN",4,1,5,4,4,1,4,4,3,3,5,5,5,2,5,5,4,4,5,3,5,3,1,5,3,5,3,5,5,5,4,1,4,1,3,2,3,3,2,4,3,2,5,3,5,1,5,2,4,5,40,35,33,27,43,"Asia"
296,13,30,2,1,1,2,"IR",1,4,3,3,2,2,5,3,5,4,3,3,4,2,2,1,4,2,5,2,2,4,3,3,2,1,5,3,5,3,3,4,3,2,2,1,4,2,5,2,3,3,4,1,2,1,4,1,4,1,31,24,32,28,28,"Asia"
297,11,53,2,2,1,1,"SG",1,3,4,4,3,4,2,4,1,4,3,3,3,3,3,4,2,1,3,2,1,3,1,4,3,4,2,3,3,3,1,1,3,1,3,1,3,1,3,3,3,4,3,3,2,3,3,1,2,1,27,25,30,20,27,"Asia"
298,11,28,2,2,1,1,"PH",3,1,3,2,1,5,2,4,5,5,4,4,5,3,3,3,5,3,3,3,5,5,3,5,1,4,1,4,1,2,4,1,4,4,4,5,5,1,5,4,4,1,5,1,5,1,4,4,5,5,31,35,31,37,36,"Asia"
299,4,14,2,1,1,1,"IN",5,1,5,3,5,1,5,1,5,3,4,5,3,5,3,3,3,2,4,1,2,5,4,5,2,5,2,5,4,5,1,5,2,5,1,5,2,5,1,5,4,3,5,3,4,1,5,1,5,5,39,36,34,32,33,"Asia"
300,11,20,2,2,3,1,"PH",2,3,3,3,4,3,1,2,1,5,1,4,2,3,1,2,2,2,1,3,4,4,1,4,2,4,1,4,4,5,3,2,4,1,2,3,3,1,4,4,3,1,5,1,3,1,4,2,4,4,33,28,27,27,21,"Asia"
301,3,31,2,2,1,5,"RO",4,2,4,2,4,2,4,3,5,2,5,2,5,3,5,5,3,2,5,4,5,5,1,5,1,5,1,4,5,4,2,3,5,2,3,2,4,3,3,4,3,2,3,3,3,2,4,3,5,3,36,31,32,31,39,"Europe"
302,11,19,2,2,1,1,"GB",3,4,3,4,4,4,4,4,4,4,4,2,4,2,4,4,4,2,4,4,4,4,4,4,2,4,2,4,4,4,2,4,4,5,2,4,4,4,3,4,2,2,4,4,2,4,4,4,4,2,36,32,38,36,34,"Europe"
303,3,46,2,2,1,2,"NO",3,2,4,3,4,1,3,4,3,4,3,4,2,3,2,2,2,2,2,3,2,4,3,4,3,3,2,3,4,4,4,3,4,2,2,2,4,2,3,4,5,1,4,2,4,2,5,4,5,4,32,36,31,30,25,"Europe"
304,13,17,1,1,1,1,"GB",1,4,2,5,3,4,1,5,1,4,4,4,5,2,1,1,5,2,5,4,4,3,5,2,4,2,4,2,2,1,3,4,4,5,2,5,4,4,2,3,5,5,5,5,5,1,5,5,5,5,29,46,30,36,33,"Europe"
305,3,14,1,2,1,1,"GB",1,3,2,3,3,2,1,3,3,4,4,2,4,2,3,4,5,4,5,4,2,5,4,3,2,2,2,4,4,1,2,5,3,4,1,5,2,5,2,2,3,3,4,1,3,2,4,3,4,4,29,31,25,31,37,"Europe"
306,3,36,2,2,1,1,"BE",3,2,5,3,5,2,4,3,3,1,2,4,1,4,1,2,1,1,2,1,2,4,1,4,2,4,1,3,4,4,4,2,4,1,4,1,4,1,2,4,5,2,4,3,4,1,4,4,4,4,29,35,31,27,19,"Europe"
307,8,16,1,1,1,5,"GB",4,4,5,1,5,1,4,5,5,4,1,5,2,1,5,1,3,5,5,1,1,2,5,2,3,3,5,4,4,3,4,1,3,4,5,2,3,3,5,3,2,2,4,5,5,3,4,4,4,4,32,37,38,33,29,"Europe"
308,3,24,2,1,1,1,"IT",3,3,3,2,4,1,4,2,4,3,2,2,4,2,2,2,2,2,2,3,3,2,3,2,2,2,2,3,3,4,4,2,4,3,4,2,5,1,4,4,5,1,3,1,3,2,5,4,5,4,26,33,29,33,23,"Europe"
309,3,23,2,2,1,1,"GR",1,5,1,5,1,5,1,5,1,5,4,2,5,1,5,5,3,4,5,5,4,2,4,2,4,4,5,2,2,1,2,4,3,5,1,5,3,3,1,2,3,3,3,2,2,4,3,3,4,2,30,29,30,29,39,"Europe"
310,3,30,2,2,1,5,"BE",4,2,4,2,4,1,4,3,4,4,3,3,5,2,4,3,5,5,3,3,5,4,5,4,1,2,2,4,4,4,5,3,5,5,3,4,2,2,3,3,5,2,5,3,5,1,5,5,4,5,35,40,32,35,36,"Europe"
311,3,24,2,2,1,1,"FR",3,2,3,4,4,2,2,4,2,2,4,3,4,5,4,4,5,5,5,5,2,4,1,4,2,4,2,5,5,5,2,2,5,4,2,5,2,4,2,2,3,4,5,2,4,1,4,3,5,5,34,36,28,30,44,"Europe"
312,3,21,2,1,1,1,"HR",2,4,3,4,2,4,2,5,2,4,3,3,4,3,3,4,2,2,4,4,2,4,1,4,2,5,3,4,4,4,3,3,3,3,1,4,3,3,3,3,3,2,4,3,3,3,4,2,4,3,33,31,32,29,32,"Europe"
313,3,18,2,2,1,1,"GR",3,1,3,2,5,1,4,2,4,3,3,4,3,1,3,4,4,4,3,5,2,3,3,2,3,5,4,3,3,4,2,4,3,4,2,4,1,4,2,2,5,2,4,2,4,1,4,4,4,4,32,34,28,28,34,"Europe"
314,3,25,2,1,1,1,"SE",2,3,4,4,4,2,4,5,1,2,2,3,5,2,2,4,5,4,4,4,5,2,5,1,5,2,5,2,1,4,5,2,5,2,3,2,5,2,3,5,3,1,4,1,3,2,5,3,5,4,32,31,31,34,35,"Europe"
315,3,40,1,1,1,3,"GB",1,3,2,5,4,2,2,4,2,4,5,2,4,1,4,4,4,4,5,5,2,3,3,4,2,4,2,3,2,2,2,4,3,3,2,4,4,4,3,4,4,3,3,2,2,3,2,3,5,2,27,29,29,33,38,"Europe"
316,13,28,2,2,1,1,"IT",4,1,4,3,4,2,5,4,5,5,4,2,4,2,2,2,4,4,2,4,4,3,1,2,3,4,3,5,4,3,2,1,4,1,4,2,4,1,4,5,4,1,5,1,3,1,4,1,3,3,32,26,37,28,30,"Europe"
317,3,16,1,1,1,1,"GB",3,3,2,4,1,4,1,5,2,5,5,2,5,1,3,5,4,5,5,5,4,2,5,1,4,1,4,1,1,3,1,4,1,5,1,5,2,5,1,1,5,1,4,2,1,2,1,5,1,4,26,26,30,26,40,"Europe"
318,3,24,2,2,1,5,"CH",3,2,4,3,4,3,2,3,4,2,1,4,2,4,4,2,3,2,2,4,4,4,1,4,2,4,2,4,4,3,3,2,4,4,2,4,3,4,3,4,5,2,5,2,5,1,5,1,5,5,32,36,30,33,28,"Europe"
319,3,25,2,1,1,1,"DE",2,3,5,3,4,1,5,3,5,3,2,5,2,4,4,1,4,4,1,2,3,3,1,3,3,3,3,4,3,5,2,2,3,4,1,5,1,5,2,3,4,2,4,2,4,2,4,3,4,3,31,32,34,28,29,"Europe"
320,13,14,1,2,1,1,"GB",3,1,3,1,4,1,3,2,5,1,5,3,5,3,5,4,5,5,5,3,2,3,4,3,1,3,3,2,4,4,5,4,5,3,1,5,5,4,5,4,4,2,3,4,4,2,5,5,3,4,29,36,24,41,43,"Europe"
321,3,45,2,2,1,1,"RU",3,3,5,3,4,2,4,2,4,2,2,2,4,5,3,3,4,3,3,2,2,4,2,4,2,4,2,3,4,2,3,1,3,2,4,1,3,1,4,4,4,3,5,3,5,1,4,1,3,5,29,34,32,26,31,"Europe"
322,3,33,1,2,1,5,"GB",2,4,4,2,4,2,4,2,4,4,2,3,3,4,1,2,2,2,2,2,1,5,1,4,2,2,2,4,3,4,4,2,4,1,4,2,2,1,4,4,5,2,4,2,4,2,5,4,5,4,28,37,32,28,23,"Europe"
323,3,21,2,2,1,5,"GB",3,4,5,3,3,2,4,3,3,2,2,4,2,4,4,2,4,4,4,4,3,4,1,4,2,3,3,2,4,4,4,4,5,3,2,3,4,3,2,4,4,2,4,2,4,1,5,4,5,4,30,35,32,34,34,"Europe"
324,13,15,1,2,1,1,"GB",5,1,4,3,4,1,5,2,2,3,5,2,5,5,5,5,5,5,4,4,5,4,1,5,1,4,1,5,5,3,3,5,3,3,2,4,3,3,4,3,2,3,4,4,4,2,3,4,5,4,34,35,30,33,45,"Europe"
325,1,18,2,1,1,1,"FR",3,3,4,2,3,2,2,4,5,4,1,5,2,4,5,3,1,1,4,5,2,4,1,3,2,4,2,2,4,5,2,3,2,2,1,5,4,4,2,3,5,2,1,5,4,5,5,4,5,2,29,38,32,28,31,"Europe"
326,3,16,2,2,1,1,"IT",1,3,5,3,5,4,3,3,4,4,5,4,5,4,5,5,5,4,4,5,4,5,3,4,5,5,4,5,4,3,1,4,5,3,3,4,4,2,3,4,2,5,5,4,5,1,3,3,3,4,42,35,35,33,46,"Europe"
327,13,68,1,2,3,1,"GB",4,3,4,2,5,1,5,4,4,2,4,3,3,2,4,3,1,2,3,2,1,5,2,5,1,4,1,5,5,5,3,5,5,3,2,4,3,4,2,4,4,1,4,1,5,2,5,4,5,5,34,36,34,35,27,"Europe"
328,3,29,2,2,1,1,"IT",4,1,4,1,5,1,5,1,1,2,4,1,4,3,3,4,3,3,3,2,2,5,2,4,3,4,2,2,3,5,5,5,1,3,4,4,3,2,4,4,5,2,4,3,2,2,5,4,2,5,32,34,25,35,30,"Europe"
329,3,36,2,1,1,1,"RS",3,3,2,2,2,2,1,3,5,3,4,1,5,5,4,5,5,5,4,5,3,3,1,2,5,4,5,2,3,1,5,1,5,1,5,5,5,1,4,5,5,1,5,1,5,1,5,5,5,5,29,38,26,37,43,"Europe"
330,3,19,2,2,1,3,"NL",4,2,5,1,4,1,5,2,5,1,5,2,4,1,5,3,4,4,4,4,2,5,1,5,1,5,1,4,4,4,1,4,4,4,2,5,2,3,2,5,5,1,5,1,4,5,5,5,5,5,32,41,30,32,36,"Europe"
331,3,34,1,1,2,1,"GB",4,2,4,3,5,3,5,3,4,3,4,3,5,3,1,1,4,4,4,3,4,2,2,2,4,1,4,2,2,3,3,4,5,3,1,4,2,3,1,5,5,1,5,3,4,1,5,5,5,4,26,38,36,31,32,"Europe"
332,3,20,1,1,1,1,"GB",3,3,5,2,4,2,3,4,3,3,4,4,4,2,3,4,3,3,3,3,2,4,2,4,2,5,2,3,4,4,2,4,2,4,1,4,4,4,3,2,4,2,4,1,3,1,4,4,4,4,32,31,32,30,33,"Europe"
333,13,18,2,2,1,1,"GB",3,5,3,3,2,4,2,3,3,3,5,3,5,3,3,5,3,4,3,3,2,3,1,3,3,5,3,3,4,3,4,1,4,4,5,3,5,3,3,3,3,4,4,3,3,4,2,2,3,3,30,31,31,35,37,"Europe"
334,3,50,2,2,1,1,"RO",2,5,4,4,3,1,3,4,4,4,3,4,4,3,2,2,3,2,2,2,4,3,1,4,2,1,2,4,5,2,4,2,5,2,4,2,4,2,3,4,5,1,5,1,4,1,5,2,3,4,28,31,34,32,27,"Europe"
335,3,17,1,2,1,1,"GB",2,4,2,4,2,4,4,5,2,4,2,4,2,2,2,2,2,1,2,4,2,5,1,4,2,1,2,4,4,4,3,3,5,2,4,3,3,2,3,3,2,2,4,2,3,3,2,3,4,4,29,29,33,31,23,"Europe"
336,3,19,1,2,1,1,"GB",4,2,2,2,3,4,3,4,1,1,5,1,5,3,5,4,4,3,5,5,1,4,1,5,1,5,2,4,5,3,4,5,3,1,4,4,3,2,3,3,2,3,3,2,3,1,3,2,5,4,31,28,26,32,40,"Europe"
337,3,37,2,2,1,2,"GB",2,3,3,3,4,2,2,5,1,4,4,3,4,1,2,4,3,2,2,4,1,5,1,5,2,4,1,2,5,4,3,5,5,5,2,5,3,1,2,4,5,1,5,1,4,1,3,5,5,5,30,35,29,35,29,"Europe"
338,3,56,1,1,1,5,"GB",2,1,5,2,5,1,5,4,1,4,2,3,5,3,4,4,2,1,2,2,1,5,4,5,1,5,1,5,5,5,2,1,5,4,2,3,4,1,5,5,5,2,5,1,5,2,4,5,5,5,37,39,30,32,28,"Europe"
339,8,38,2,2,1,1,"NO",4,1,4,2,4,2,3,4,2,2,3,4,2,2,2,2,3,2,3,2,1,5,3,4,2,4,2,4,3,4,4,3,1,4,4,4,3,3,3,1,5,2,4,2,3,2,4,4,2,4,32,32,28,30,25,"Europe"
340,3,26,1,2,3,5,"GB",2,3,4,3,1,4,1,4,1,5,4,2,5,2,1,4,2,2,2,2,2,2,2,2,2,5,2,4,2,3,4,1,5,1,4,2,5,1,5,4,4,1,4,2,4,2,5,3,2,2,26,29,28,32,26,"Europe"
341,3,42,2,1,1,1,"IT",1,5,1,5,1,5,1,5,5,5,5,3,5,1,5,2,3,4,4,3,1,3,3,5,3,5,1,3,5,5,1,1,5,1,2,1,5,3,1,4,5,5,5,3,5,2,5,5,5,5,34,45,34,24,35,"Europe"
342,3,22,2,2,1,1,"NL",4,2,4,2,4,2,4,4,3,3,2,4,3,4,2,2,2,2,2,2,1,3,1,3,2,3,2,4,4,3,3,2,3,2,3,3,2,3,3,3,4,2,5,3,3,1,4,3,3,4,26,32,32,27,25,"Europe"
343,3,20,1,2,1,1,"GB",2,3,2,3,3,2,2,4,2,5,5,1,5,2,4,5,5,4,5,5,2,3,3,3,3,4,2,4,4,2,4,4,4,4,4,5,4,1,4,4,5,1,5,2,5,1,5,5,5,5,30,39,28,38,41,"Europe"
344,3,26,1,2,1,5,"GB",3,2,5,3,5,2,4,4,5,2,2,2,4,4,2,2,2,2,4,2,2,4,2,4,2,4,2,3,4,5,3,1,3,2,3,1,4,1,4,3,2,2,4,2,4,2,2,1,4,4,32,27,35,25,26,"Europe"
345,3,28,2,1,1,3,"CH",3,2,4,2,5,2,2,1,5,4,2,3,3,4,5,4,5,5,4,4,1,4,2,5,2,4,2,3,5,2,4,4,4,3,3,2,4,1,1,4,5,1,5,1,5,1,5,2,5,5,30,35,30,30,39,"Europe"
346,11,16,1,2,1,1,"IE",4,4,4,2,5,4,2,2,5,2,4,4,5,3,5,4,5,4,5,4,4,5,1,5,1,5,2,5,5,4,5,2,5,1,4,1,4,1,5,5,3,5,5,2,5,1,4,2,4,5,37,36,34,33,43,"Europe"
347,3,19,2,1,1,1,"RO",1,5,3,3,4,5,1,5,3,5,4,2,4,4,4,4,2,4,4,5,4,1,1,4,5,4,5,4,4,3,3,4,4,3,3,4,4,3,3,4,2,5,3,4,3,3,3,3,5,3,35,34,35,35,37,"Europe"
348,3,42,2,1,1,1,"IT",2,2,4,4,4,2,3,3,4,4,4,2,4,2,4,4,4,4,4,2,3,4,4,3,2,3,2,2,3,3,2,5,3,4,3,5,4,4,2,3,5,1,4,1,3,2,4,4,5,3,29,32,32,35,34,"Europe"
349,3,14,1,2,1,1,"GB",3,3,3,3,3,2,4,2,5,5,3,3,4,2,5,3,5,4,2,4,2,5,1,4,5,1,1,5,4,4,4,1,5,4,1,5,4,2,2,3,5,5,5,5,3,1,4,5,5,5,32,43,33,31,35,"Europe"
350,13,36,1,2,1,1,"GB",3,3,4,3,4,2,4,3,3,3,4,4,4,2,2,4,4,4,1,5,1,5,1,5,1,5,1,5,5,5,4,4,2,3,4,3,2,1,4,4,3,1,4,1,4,1,3,2,5,4,34,28,32,31,34,"Europe"
351,3,17,2,2,1,1,"RO",2,2,3,3,3,4,2,1,4,4,5,4,4,3,5,5,4,3,5,2,3,4,4,4,1,4,2,4,3,3,3,2,3,5,4,4,3,5,1,2,2,2,3,5,4,1,4,3,4,4,32,32,28,32,40,"Europe"
352,3,52,1,1,1,1,"GB",4,2,5,2,5,2,5,2,4,2,3,2,4,2,4,4,3,3,3,3,1,4,1,4,1,5,1,4,4,5,2,3,4,2,3,3,3,2,2,4,2,5,3,5,2,3,2,2,4,1,30,29,33,28,31,"Europe"
353,3,46,1,1,1,1,"GB",2,4,3,4,2,3,2,5,3,4,1,4,3,5,2,1,2,1,5,1,5,2,4,1,5,1,4,2,2,4,5,2,4,1,3,2,4,2,4,4,4,2,2,4,4,3,4,5,4,5,30,37,32,31,25,"Europe"
354,3,17,1,2,1,1,"GB",2,3,2,5,1,3,1,5,5,5,4,4,5,1,2,4,4,4,4,4,1,3,1,5,1,4,1,5,5,5,5,5,5,5,1,5,2,2,2,5,5,1,5,1,5,1,5,5,5,5,31,38,32,37,36,"Europe"
355,3,18,2,2,1,1,"NO",2,2,4,2,5,3,5,4,2,2,4,3,4,1,3,4,3,2,2,5,1,5,1,5,1,5,1,5,5,4,3,4,5,4,2,4,3,4,2,4,5,2,5,3,4,2,5,3,5,5,33,39,31,35,31,"Europe"
356,3,17,2,2,1,1,"PL",2,4,2,4,4,2,4,2,2,2,2,3,3,3,4,4,4,4,4,3,3,3,4,3,3,2,3,3,3,4,3,2,2,2,3,4,4,4,2,3,2,4,2,4,4,2,5,4,4,4,31,35,28,29,34,"Europe"
357,3,30,2,1,1,1,"GB",3,4,4,3,3,4,2,4,3,4,1,3,4,2,2,2,2,2,2,4,2,4,2,4,2,4,3,3,4,3,4,2,5,2,4,2,4,3,4,4,2,2,4,3,5,4,5,3,4,4,31,36,34,34,24,"Europe"
358,3,20,1,1,1,1,"LT",3,3,3,2,5,1,4,4,5,2,2,4,3,5,2,1,1,1,1,1,2,5,2,4,2,3,2,4,5,4,4,3,4,3,4,2,5,3,3,5,5,2,5,3,5,1,4,5,4,5,33,39,32,36,21,"Europe"
359,3,25,2,2,1,1,"DE",3,5,2,2,3,3,4,3,3,2,1,5,2,3,2,2,2,1,2,2,2,3,2,2,4,3,2,2,3,3,2,5,2,4,2,5,2,3,3,3,2,3,3,3,3,1,5,2,1,3,26,26,30,31,22,"Europe"
360,13,18,2,1,3,1,"IT",3,2,4,4,2,5,1,2,4,4,3,5,4,4,4,5,1,5,4,5,3,4,1,5,2,5,1,5,5,3,2,4,3,4,3,5,1,5,2,3,4,1,4,1,4,1,2,2,2,5,34,26,31,32,40,"Europe"
361,13,19,1,2,1,1,"GB",4,1,5,2,3,2,4,3,3,4,4,4,4,3,2,4,3,3,4,3,1,4,3,4,1,4,1,4,4,4,4,2,4,3,2,2,4,3,4,3,3,2,4,3,3,1,3,2,4,3,30,28,31,31,34,"Europe"
362,3,16,2,2,2,5,"DK",4,1,4,1,5,2,4,2,5,2,3,4,3,2,4,4,2,3,4,2,3,4,3,4,3,4,2,4,5,5,3,4,4,4,1,4,3,3,1,3,2,3,4,3,4,2,4,2,2,4,37,30,30,30,31,"Europe"
363,3,21,1,1,2,1,"GB",4,1,5,2,5,1,5,1,5,1,2,4,4,2,1,1,2,2,2,3,1,5,2,5,2,5,1,4,5,5,5,2,5,1,3,1,4,4,5,5,4,1,2,1,5,2,5,4,5,4,35,33,30,35,23,"Europe"
364,3,18,2,1,1,1,"RO",1,4,3,4,3,4,2,4,4,4,3,4,4,3,2,4,4,4,4,4,3,3,2,2,4,2,4,2,2,3,4,2,4,2,4,2,4,2,4,4,3,2,2,2,4,4,4,3,3,2,27,29,33,32,36,"Europe"
365,3,21,1,2,1,2,"IE",3,2,4,2,3,2,3,2,4,3,3,4,2,5,4,1,2,1,1,1,2,4,1,4,1,5,1,4,4,4,2,2,4,2,2,3,4,4,2,5,4,2,4,3,4,1,5,4,4,5,30,36,28,30,24,"Europe"
366,3,22,2,1,1,3,"DK",2,3,4,3,2,4,2,2,2,2,1,4,2,2,2,1,1,2,1,1,2,5,1,3,2,3,1,2,4,2,1,5,5,1,1,2,4,4,2,3,4,2,4,2,4,1,5,2,5,4,25,33,26,28,17,"Europe"
367,13,16,2,2,1,1,"GB",3,4,3,4,2,5,3,3,4,4,5,2,5,4,4,5,4,5,5,3,4,3,2,5,3,4,3,4,4,3,4,2,4,5,3,5,4,3,4,3,3,3,3,3,3,4,2,3,2,3,35,29,35,37,42,"Europe"
368,3,19,1,2,1,1,"GB",1,2,3,5,3,4,2,5,1,5,5,1,5,1,4,4,2,3,4,5,1,4,1,5,1,5,1,5,5,4,4,2,3,3,1,4,4,2,5,3,3,2,5,2,2,1,3,2,4,4,32,28,31,31,34,"Europe"
369,3,20,1,2,1,1,"IE",4,1,5,1,4,1,4,3,3,2,1,5,2,5,4,1,1,1,2,1,1,4,2,4,2,4,2,4,4,5,1,5,2,2,1,5,1,5,1,4,2,2,4,2,4,2,4,2,3,4,32,29,28,27,23,"Europe"
370,13,25,2,2,2,5,"FR",5,2,5,1,5,1,5,1,5,1,4,2,4,3,3,3,4,4,2,4,1,4,1,5,1,5,1,4,5,4,2,1,4,2,1,1,4,3,2,4,3,2,5,2,4,1,3,3,5,4,31,32,31,24,33,"Europe"
371,3,20,1,2,1,1,"IE",1,2,4,3,4,2,4,3,2,5,2,3,4,2,4,3,4,3,4,4,1,5,2,4,1,3,1,3,4,3,1,2,4,3,3,4,4,2,1,2,2,2,4,2,3,2,4,2,5,3,27,29,30,26,33,"Europe"
372,3,23,2,2,1,5,"PL",2,5,4,5,1,3,1,4,1,5,5,2,5,1,4,5,3,3,5,5,2,3,2,5,3,5,1,3,5,3,4,4,1,4,1,5,2,3,3,3,5,1,5,1,5,1,5,4,5,4,32,36,31,30,38,"Europe"
373,3,22,2,1,1,1,"ES",3,3,3,2,3,2,2,2,4,2,4,4,4,5,3,1,1,1,3,1,2,3,2,4,4,1,3,4,4,4,3,4,5,2,3,1,4,3,2,3,4,1,5,2,4,1,4,1,4,4,31,30,26,30,27,"Europe"
374,3,21,2,1,2,1,"PL",2,1,4,3,4,2,4,5,3,4,4,3,5,2,4,3,5,4,4,4,2,5,2,4,1,4,2,4,5,4,4,3,5,4,5,2,3,2,3,3,5,1,5,1,5,1,5,5,5,5,33,38,32,34,38,"Europe"
375,3,19,2,2,1,1,"PL",3,3,3,2,4,2,4,2,4,2,4,2,4,2,3,3,4,4,4,4,3,4,2,4,2,4,2,3,4,4,2,4,4,4,3,4,2,3,2,3,4,2,4,2,4,2,4,4,4,4,32,34,29,31,34,"Europe"
376,3,17,1,2,1,2,"GB",3,3,3,4,4,3,3,4,2,4,3,4,4,3,3,3,4,3,3,2,2,4,2,4,2,4,2,4,4,4,2,4,4,4,2,4,2,3,2,4,4,4,4,4,3,2,3,4,4,4,32,36,33,31,32,"Europe"
377,1,19,2,2,1,2,"PT",4,4,3,3,3,4,3,1,5,3,5,2,4,3,5,5,5,5,5,3,4,5,3,4,2,5,3,5,4,5,3,5,4,2,4,1,1,1,2,4,4,2,4,3,4,2,3,3,4,4,40,33,33,27,42,"Europe"
378,9,18,2,1,2,5,"RU",1,1,1,1,5,1,5,1,5,1,1,5,5,1,1,5,1,1,5,5,1,1,5,5,1,1,1,1,5,5,1,5,5,1,1,1,5,1,1,5,5,1,5,1,5,1,5,5,5,5,26,38,22,26,30,"Europe"
379,3,23,2,1,1,1,"NO",3,1,5,1,4,3,5,5,5,4,1,1,4,3,1,1,2,2,4,2,1,5,3,1,2,2,1,5,5,3,4,1,5,1,5,5,5,3,5,5,3,1,3,1,5,1,5,4,5,5,28,33,36,39,21,"Europe"
380,3,43,2,2,1,1,"DE",2,2,5,3,3,2,2,3,2,3,3,3,3,4,2,3,3,3,2,2,2,5,3,4,1,3,2,4,4,3,3,3,4,2,4,2,1,1,2,4,5,4,4,3,3,1,4,4,3,4,31,35,27,26,28,"Europe"
381,3,20,1,1,NA,1,"GB",3,3,3,3,3,4,1,5,3,5,5,2,4,1,4,3,5,4,5,4,1,3,4,4,2,5,3,4,4,3,1,5,4,4,1,3,4,4,4,2,4,1,5,1,3,1,5,5,5,4,33,34,33,32,37,"Europe"
382,3,16,1,1,1,1,"GB",1,4,3,5,3,3,1,4,1,5,4,4,5,2,4,2,3,2,4,2,2,3,2,4,2,4,2,3,4,2,5,5,4,3,3,2,5,2,4,4,5,2,5,2,3,1,4,4,5,3,28,34,30,37,32,"Europe"
383,3,18,1,2,1,1,"GB",1,2,5,1,5,1,5,1,2,1,5,2,5,3,3,2,4,4,5,1,1,5,1,5,1,4,1,5,5,5,1,4,5,3,2,5,4,2,3,5,2,2,5,1,3,1,3,4,5,5,33,31,24,34,34,"Europe"
384,3,30,2,2,1,3,"SI",4,1,4,5,2,2,5,3,5,5,5,2,5,3,5,4,5,4,4,3,4,5,4,4,5,3,4,4,5,4,3,2,5,4,3,1,5,3,4,3,3,1,5,1,4,1,4,4,4,4,42,31,36,33,40,"Europe"
385,3,20,2,2,1,2,"PL",4,2,5,2,5,1,5,2,5,2,2,3,3,5,4,4,2,2,4,2,3,4,2,2,4,3,2,4,4,4,4,4,4,3,3,4,4,3,4,4,4,4,4,4,4,1,5,4,2,4,32,36,33,37,31,"Europe"
386,3,26,2,2,1,2,"RO",1,4,2,4,2,4,2,4,2,5,3,3,4,2,4,2,4,4,4,4,4,3,1,3,3,4,3,4,2,2,1,4,4,2,2,2,4,3,4,4,3,2,3,2,2,2,4,3,4,3,29,28,30,30,34,"Europe"
387,3,20,2,1,1,1,"SE",1,3,1,5,2,3,1,5,5,4,5,1,5,1,4,1,4,4,1,5,1,5,1,4,3,4,2,4,4,2,1,5,4,5,1,3,2,5,2,1,4,3,3,2,4,2,3,4,5,4,30,34,30,29,31,"Europe"
388,3,18,1,1,3,1,"GB",3,4,3,5,3,4,2,5,2,4,4,4,4,3,1,1,4,4,3,3,2,3,1,5,3,4,2,5,4,3,5,1,5,2,5,1,4,2,3,4,4,1,5,2,4,3,5,3,3,4,32,34,35,32,31,"Europe"
389,NA,14,2,2,2,1,"BG",5,1,1,5,3,1,1,5,3,1,5,2,5,1,3,5,5,5,5,5,5,5,2,1,1,5,1,5,5,5,5,5,5,1,1,5,1,5,5,5,3,1,5,1,3,1,5,5,5,3,35,32,26,38,41,"Europe"
390,13,14,1,2,1,1,"GB",4,4,5,2,4,3,5,2,4,1,2,5,4,1,5,5,2,1,3,1,5,4,2,5,1,5,1,4,5,4,1,5,3,5,1,5,4,3,1,3,1,1,2,2,5,1,3,2,2,5,36,24,34,31,29,"Europe"
391,3,20,1,1,1,1,"GB",1,4,2,4,2,4,1,5,1,4,2,5,4,3,4,1,2,1,2,3,4,2,1,2,4,4,4,4,2,4,4,2,5,2,4,2,4,2,4,4,5,1,4,1,5,2,5,3,3,5,31,34,28,33,27,"Europe"
392,3,43,2,2,1,1,"GB",1,3,3,4,3,3,2,4,2,5,4,3,5,3,4,4,4,4,4,3,1,5,2,5,1,5,1,4,5,5,3,5,5,3,3,4,3,3,3,3,3,3,3,2,4,3,4,2,5,4,34,33,30,35,38,"Europe"
393,3,38,2,1,1,2,"DE",1,1,2,4,2,4,3,4,4,5,3,3,2,3,3,3,3,4,2,5,4,2,4,1,3,3,2,4,2,2,4,4,4,3,4,2,5,2,5,5,4,1,4,2,5,1,4,4,5,5,27,35,30,38,31,"Europe"
394,3,16,1,2,1,1,"GB",2,4,5,4,1,4,1,1,2,5,5,5,3,5,5,1,5,5,4,4,4,2,4,4,1,3,3,4,4,2,1,4,3,5,1,4,3,4,3,2,4,4,1,3,4,4,4,4,4,3,31,35,29,30,42,"Europe"
395,3,18,2,1,1,1,"DK",1,5,3,5,2,4,1,5,2,5,1,4,1,4,2,2,2,2,3,2,3,2,1,3,3,3,4,3,3,3,3,3,5,2,1,3,4,3,2,4,5,2,3,2,3,2,5,4,5,3,28,34,33,30,23,"Europe"
396,3,20,2,1,2,1,"PT",1,5,3,4,2,4,1,4,3,5,2,4,4,4,4,3,2,1,2,1,2,3,1,4,2,4,2,3,4,3,2,3,4,4,2,4,4,3,3,3,3,3,5,2,3,2,4,2,5,3,28,32,32,32,27,"Europe"
397,3,33,2,2,1,1,"NO",1,4,5,5,4,4,2,4,4,4,3,4,4,5,4,1,1,1,2,1,1,4,1,5,1,5,1,5,4,3,4,3,3,2,5,2,4,2,4,3,3,2,4,2,2,2,4,2,4,4,30,29,37,32,26,"Europe"
398,3,23,2,1,1,2,"LV",4,1,5,1,5,1,5,1,5,1,3,3,4,4,3,3,1,1,2,2,1,5,2,5,1,3,1,5,5,5,1,3,1,4,1,4,5,4,2,3,4,1,2,1,2,4,3,4,4,2,33,27,29,28,26,"Europe"
399,3,15,2,2,1,1,"ES",5,3,4,1,5,2,5,1,5,1,4,2,5,5,1,4,4,2,2,1,4,2,5,2,5,1,1,3,2,5,4,5,5,4,3,5,5,4,4,4,5,1,5,1,5,1,5,5,5,5,30,38,32,43,30,"Europe"
400,3,58,2,2,1,1,"IS",2,5,5,5,5,4,4,3,4,4,1,1,4,5,1,1,1,1,1,1,1,5,1,5,1,5,1,5,5,5,4,1,5,1,5,1,5,1,5,5,5,2,4,4,4,1,4,2,3,4,34,33,41,33,17,"Europe"
401,3,54,2,1,1,1,"AU",5,1,5,1,5,1,5,5,5,1,1,5,5,1,1,1,1,1,1,1,5,5,1,5,1,5,1,5,5,5,1,1,5,1,5,1,5,1,5,5,5,1,5,1,5,1,5,1,5,5,38,34,34,30,18,"Oceania"
402,3,23,2,1,1,1,"AU",3,3,4,2,5,2,5,1,5,1,5,1,5,5,3,5,5,5,5,5,5,5,1,5,1,5,5,5,5,5,4,1,4,2,4,2,5,3,3,5,3,2,3,3,3,5,5,2,5,2,42,33,31,33,44,"Oceania"
403,3,20,2,1,1,1,"NZ",5,2,5,2,4,1,2,5,5,4,2,3,2,4,1,1,2,2,2,2,1,4,2,3,2,3,3,2,5,4,3,3,5,3,4,2,3,2,4,4,3,1,5,2,3,1,4,4,2,4,29,29,35,33,21,"Oceania"
404,3,36,1,2,1,2,"AU",3,1,3,2,5,1,4,2,5,4,5,2,5,1,4,5,5,5,5,5,1,5,2,5,2,5,2,4,5,4,5,4,4,2,4,2,4,1,5,5,5,1,5,1,5,1,5,5,5,5,35,38,30,36,42,"Oceania"
405,3,22,1,2,1,2,"AU",4,1,4,2,5,1,5,4,4,1,5,3,5,1,2,4,5,4,5,5,1,5,2,5,1,3,1,5,5,5,2,5,5,5,1,5,4,3,2,5,5,2,5,1,3,2,3,4,5,3,33,33,31,37,39,"Oceania"
406,3,70,1,2,1,1,"NZ",1,5,1,5,2,5,1,5,1,5,4,4,5,2,3,4,4,2,2,3,3,3,3,4,4,4,2,4,2,1,3,1,2,2,4,2,5,3,3,3,2,5,3,4,2,5,1,1,3,2,30,28,31,28,33,"Oceania"
407,3,14,1,2,1,1,"AU",5,3,4,2,5,3,3,2,5,4,4,4,4,4,2,4,4,5,4,5,2,4,4,3,1,4,1,3,4,4,3,4,3,4,2,5,2,3,3,2,1,1,4,1,4,2,4,2,4,5,30,28,36,31,40,"Oceania"
408,3,15,1,1,1,1,"AU",3,3,4,2,3,2,2,5,2,3,5,3,5,1,4,4,4,5,4,5,3,3,5,4,4,3,4,3,3,4,4,4,4,3,3,3,4,3,3,4,5,2,4,2,4,3,4,4,4,3,36,35,29,35,40,"Oceania"
409,7,56,1,2,1,1,"AU",3,4,4,2,4,3,3,4,3,3,2,2,5,1,2,2,1,2,1,5,1,5,2,4,1,4,1,4,4,5,4,5,4,2,4,4,4,1,4,4,5,1,4,1,5,2,5,3,4,5,31,35,33,36,23,"Oceania"
410,10,23,1,2,1,1,"AU",4,3,5,2,3,3,3,3,5,5,1,5,1,3,5,4,1,3,5,1,1,4,1,4,1,5,1,5,4,4,4,5,4,3,5,1,5,2,5,4,3,3,3,3,4,2,4,1,4,3,30,30,36,38,29,"Oceania"
411,3,58,1,2,1,2,"AU",5,1,5,1,5,1,5,1,5,1,1,3,2,5,1,1,1,1,1,1,2,5,1,4,1,4,1,5,4,5,5,2,4,1,5,1,5,1,5,5,4,2,4,2,5,1,5,5,5,5,32,38,30,34,17,"Oceania"
412,4,19,1,2,1,1,"FJ",5,1,5,3,5,2,5,1,5,3,5,5,4,3,2,2,4,5,4,3,1,5,1,5,1,3,1,3,5,4,3,5,4,1,3,2,4,3,4,4,4,1,3,2,4,2,4,3,3,5,29,31,35,33,37,"Oceania"
413,3,27,1,1,1,1,"AU",4,2,5,1,4,1,5,2,5,2,1,5,1,5,2,2,1,1,1,1,2,5,1,4,3,4,1,3,5,4,4,2,5,1,4,1,4,1,5,5,5,1,4,3,5,2,5,4,2,4,32,35,31,32,20,"Oceania"
414,13,18,1,2,1,2,"AU",2,1,4,1,5,2,5,2,4,1,3,4,4,4,4,4,3,3,4,2,4,5,4,4,1,5,2,4,3,3,5,4,2,4,2,4,4,3,4,3,4,2,5,1,4,1,5,5,5,4,35,36,27,35,35,"Oceania"
415,11,28,2,2,1,2,"AU",3,3,3,3,4,2,3,3,3,3,2,4,3,4,3,2,3,2,3,2,2,3,2,4,2,3,3,4,4,4,2,4,2,3,2,4,3,3,2,4,5,2,4,3,4,2,4,4,4,4,31,36,30,29,28,"Oceania"
416,10,16,1,2,1,1,"AU",4,1,4,2,4,1,3,3,5,3,2,4,5,3,5,2,2,1,2,2,5,5,3,5,1,5,3,4,4,3,4,1,3,2,4,3,3,3,4,3,3,3,2,2,2,2,3,2,5,4,38,28,30,30,28,"Oceania"
417,3,25,1,2,1,1,"AU",2,4,2,3,3,2,2,3,4,5,4,3,4,2,4,3,4,3,5,4,3,3,2,3,4,3,3,3,2,3,4,2,4,2,5,1,5,1,5,4,4,2,4,2,4,3,4,5,5,4,29,37,30,33,36,"Oceania"
418,11,16,2,2,1,1,"AU",1,1,3,3,3,3,1,3,3,3,1,5,1,3,5,4,5,5,5,3,3,1,4,2,4,4,4,3,2,3,3,2,2,2,1,2,4,4,3,4,5,3,4,4,3,2,5,4,3,3,30,36,24,27,37,"Oceania"
419,3,56,1,2,1,1,"AU",4,3,4,2,4,2,3,2,4,2,3,4,3,3,1,2,2,1,2,1,2,3,3,4,2,4,3,3,4,5,3,2,2,2,2,4,4,3,3,2,3,2,4,1,4,2,4,3,4,5,33,32,30,27,22,"Oceania"
420,3,52,1,1,1,1,"NZ",2,2,5,2,4,2,4,4,2,2,3,3,3,2,2,2,3,2,4,2,2,4,4,4,2,3,2,4,3,2,2,4,3,2,2,4,4,2,3,3,4,5,4,1,3,1,3,3,5,3,30,32,29,29,26,"Oceania"
421,3,25,1,1,1,1,"AU",3,4,4,4,2,4,2,4,2,3,4,4,4,2,2,2,4,3,4,3,5,2,4,2,5,2,4,2,2,3,4,2,4,3,3,2,4,2,3,3,3,3,2,4,3,4,4,3,3,3,31,32,32,30,32,"Oceania"
422,3,16,1,1,1,2,"AU",5,2,4,2,5,2,5,2,5,1,2,4,2,4,2,2,2,1,2,1,1,5,2,5,2,4,1,4,4,4,4,2,4,2,4,2,4,2,3,4,4,3,5,2,5,1,4,2,4,4,32,34,33,31,22,"Oceania"
423,3,16,1,1,2,1,"AU",3,3,3,3,3,3,2,3,5,4,5,3,5,2,5,4,4,3,5,4,1,4,2,5,1,5,2,4,5,5,4,4,5,3,2,4,5,4,3,5,5,2,5,1,5,1,5,5,5,5,34,39,32,39,40,"Oceania"
424,13,16,1,2,2,1,"AU",3,1,5,1,4,1,4,5,4,1,2,5,2,5,5,4,1,1,5,1,2,5,3,5,4,4,1,4,5,5,5,1,4,1,5,1,5,1,5,3,4,1,5,1,5,1,5,1,3,5,38,31,29,31,31,"Oceania"
425,3,15,1,2,1,1,"AU",1,4,1,5,2,5,1,5,1,5,4,2,5,3,3,1,5,3,5,3,4,4,4,1,1,1,1,2,2,1,3,1,5,3,1,5,4,5,1,4,5,1,2,1,2,4,5,5,5,3,21,33,30,32,34,"Oceania"
426,5,15,1,2,1,1,"AU",4,1,4,1,5,1,3,5,2,4,2,4,4,1,2,2,2,2,3,1,4,4,1,5,1,5,1,4,5,5,3,3,3,3,2,4,3,5,3,3,5,2,5,1,4,1,5,4,5,5,35,37,30,32,23,"Oceania"
427,3,23,1,2,1,2,"AU",4,1,5,1,4,1,3,3,5,3,2,5,3,5,2,2,2,1,1,1,2,5,1,5,1,5,2,5,5,5,4,3,4,2,2,4,4,3,3,4,5,2,5,1,5,1,5,5,5,5,36,39,30,33,24,"Oceania"
428,3,24,1,2,1,2,"AU",2,3,3,3,3,2,3,3,4,4,2,4,4,3,3,2,2,2,2,2,1,5,1,5,1,5,1,5,5,5,4,3,4,3,2,3,2,3,3,4,4,2,4,1,4,1,4,4,4,4,34,32,30,31,26,"Oceania"
429,10,19,1,2,1,1,"AS",2,2,4,4,4,2,3,2,2,4,3,4,2,2,2,2,3,3,2,2,1,5,3,4,1,5,2,3,4,4,3,4,4,3,2,3,2,4,2,3,3,3,4,3,3,2,3,3,4,3,32,31,29,30,25,"Oceania"
430,13,34,2,2,1,1,"AU",1,1,5,4,4,4,5,5,5,2,5,4,5,3,4,1,4,1,1,4,5,5,1,4,1,5,1,4,5,4,5,2,5,1,5,1,5,4,5,5,3,4,5,5,4,2,4,2,3,4,35,36,36,38,32,"Oceania"
431,3,23,1,2,1,1,"AU",3,2,3,3,3,1,3,3,2,3,2,4,4,1,1,2,5,4,2,5,1,5,2,5,2,2,1,5,4,4,4,2,5,2,2,2,3,2,3,5,5,1,5,1,4,1,5,4,5,5,31,36,26,30,30,"Oceania"
432,11,13,1,2,1,1,"AU",1,2,3,5,2,1,2,4,1,4,2,4,2,5,2,1,3,2,2,1,4,5,5,2,2,2,1,2,4,2,4,5,5,4,1,4,2,3,2,1,5,1,5,1,5,1,4,5,3,4,29,34,25,31,24,"Oceania"
433,11,24,2,2,1,2,"AU",3,1,3,5,5,1,5,2,5,1,4,3,5,4,4,1,4,1,1,1,3,5,4,5,3,3,1,4,5,2,2,5,3,5,3,5,3,3,1,4,3,3,5,1,3,1,4,1,3,3,35,27,31,34,28,"Oceania"
434,11,17,2,2,1,1,"AU",2,2,4,2,4,2,4,2,5,2,5,3,4,2,4,5,5,4,5,3,2,5,4,4,2,3,2,4,4,3,4,2,4,4,2,2,5,3,2,4,4,2,5,2,4,1,5,4,5,4,33,36,29,32,40,"Oceania"
435,11,18,1,2,1,5,"AU",4,2,4,2,3,4,3,4,4,3,3,4,4,1,4,1,4,3,2,4,1,4,4,4,2,2,2,4,4,4,4,1,4,1,2,3,3,4,1,3,2,5,5,5,4,1,3,1,4,4,31,34,33,26,30,"Oceania"
436,13,38,1,2,3,2,"AU",3,1,4,2,5,1,4,3,4,2,4,5,3,3,5,2,4,2,4,4,2,4,5,3,3,4,2,4,4,3,2,5,3,4,1,4,3,4,2,4,5,1,5,1,4,1,5,4,4,4,34,34,29,32,36,"Oceania"
437,3,16,1,2,1,5,"AU",2,2,4,3,2,2,1,4,3,5,2,4,3,3,2,1,1,1,2,2,2,5,3,4,1,4,2,4,4,4,4,4,3,2,1,1,4,1,1,1,1,1,2,2,4,4,5,2,1,3,33,25,28,22,21,"Oceania"
438,3,25,1,1,1,2,"AU",3,2,4,2,4,2,2,3,4,2,3,2,5,4,2,1,2,1,2,2,1,5,2,5,1,5,1,4,5,4,4,1,3,1,2,3,3,1,4,4,3,4,5,4,4,1,5,3,5,4,33,38,28,26,24,"Oceania"
439,NA,60,1,2,2,1,"AU",3,3,3,4,3,3,3,4,2,3,3,3,3,3,2,2,2,1,1,1,5,3,1,4,2,4,2,4,3,3,3,3,3,3,3,4,3,2,3,3,3,3,3,3,3,3,3,3,3,3,31,30,31,30,21,"Oceania"
440,7,24,1,2,1,1,"AU",3,4,4,3,2,2,3,5,2,5,2,5,3,2,5,3,5,4,3,3,4,3,1,4,2,5,1,2,5,3,5,5,5,1,3,5,3,1,4,4,4,4,4,1,2,5,5,4,5,5,30,39,33,36,35,"Oceania"
441,1,40,1,1,2,1,"NZ",3,4,3,4,2,3,2,4,3,4,2,4,4,3,2,2,2,2,3,3,2,4,3,4,3,3,2,4,4,3,2,2,4,2,4,2,4,2,3,3,3,2,3,3,3,2,4,3,4,3,32,30,32,28,27,"Oceania"
442,3,32,1,2,1,1,"NZ",3,3,4,3,4,3,2,5,1,4,4,4,3,2,2,3,1,1,2,4,1,4,1,4,1,5,3,4,4,4,5,5,4,2,2,3,1,3,4,3,4,2,3,3,4,3,4,3,4,4,31,34,32,32,26,"Oceania"
443,3,19,1,1,1,1,"AU",4,2,3,3,4,2,2,3,4,4,4,4,4,2,3,4,4,3,4,3,1,5,2,4,2,4,2,4,4,4,3,2,4,3,3,3,4,3,3,4,4,3,5,2,4,2,4,5,4,4,32,37,31,32,35,"Oceania"
444,3,16,1,2,3,1,"AU",3,3,4,2,3,3,4,2,4,3,4,4,3,3,2,3,2,2,2,2,2,5,1,4,2,4,1,4,5,5,3,3,4,2,3,2,4,3,4,4,4,2,5,1,4,1,4,4,5,5,33,35,31,32,27,"Oceania"
445,3,16,1,1,1,1,"AU",3,4,1,3,2,5,1,5,2,5,2,2,5,1,1,1,5,4,1,5,1,5,1,4,2,3,2,5,4,4,4,5,3,5,1,4,2,3,3,3,3,1,5,2,1,1,3,2,5,4,31,27,31,33,27,"Oceania"
446,13,35,2,1,1,5,"AU",3,1,4,2,5,2,4,3,4,2,3,3,4,3,4,4,3,4,4,2,2,4,3,4,2,3,2,4,2,4,2,4,2,4,1,4,2,4,4,3,1,2,3,1,3,2,4,1,3,4,30,24,30,30,34,"Oceania"
447,3,15,1,2,1,1,"AU",3,2,1,1,1,1,1,3,5,5,5,5,5,3,5,5,3,1,5,1,2,4,5,4,1,3,1,4,5,3,1,5,3,5,1,5,5,2,1,3,5,1,5,1,4,1,2,5,5,3,32,32,23,31,38,"Oceania"
448,13,22,2,2,1,1,"AU",2,3,3,2,3,3,1,4,3,4,3,2,4,3,4,3,3,2,3,3,2,3,1,4,2,3,3,2,4,4,4,2,5,1,4,1,4,2,4,4,2,4,4,4,3,2,4,1,3,3,28,30,28,31,30,"Oceania"
449,3,20,1,2,1,1,"AU",1,5,1,5,1,3,1,5,1,5,5,2,5,1,3,5,2,2,3,5,1,4,2,5,1,5,1,3,4,2,2,4,4,3,2,4,4,3,1,4,4,1,5,1,2,1,5,4,5,3,28,31,28,31,33,"Oceania"
450,3,38,1,1,1,1,"AU",4,2,5,1,4,1,2,2,5,2,1,5,1,5,1,1,1,1,1,1,1,5,1,5,1,4,1,5,4,5,5,1,5,1,5,1,5,1,4,5,5,1,5,2,5,1,5,2,5,5,32,36,28,33,18,"Oceania"
451,3,23,1,1,1,1,"NZ",3,2,4,2,3,3,4,2,5,2,3,4,4,3,3,1,2,2,2,2,2,5,2,4,2,2,2,4,3,4,5,3,3,2,2,2,3,2,4,3,3,2,5,1,5,1,4,3,5,5,30,34,30,29,26,"Oceania"
452,3,45,1,2,1,1,"AU",1,4,3,5,1,5,1,5,1,5,3,1,3,3,4,1,4,3,4,3,1,3,2,3,3,3,4,3,2,3,4,1,5,1,5,1,5,1,5,5,3,5,3,4,2,4,4,1,3,3,27,32,31,33,29,"Oceania"
453,3,16,1,2,1,1,"AU",4,3,3,2,3,4,5,4,1,4,2,3,2,3,2,4,4,4,4,4,2,5,4,4,1,2,1,3,4,2,3,4,2,5,2,4,2,3,2,3,3,4,1,4,3,4,3,2,5,2,28,31,33,30,32,"Oceania"
454,7,16,1,2,1,1,"AU",2,1,4,3,4,2,2,3,2,4,5,2,5,1,2,4,2,3,4,2,1,4,2,5,3,3,2,4,4,4,4,1,3,1,1,1,3,1,3,3,3,2,4,3,3,2,5,3,5,4,32,34,27,21,30,"Oceania"
455,3,55,1,2,2,1,"NZ",3,3,4,3,5,3,2,3,3,2,3,3,3,2,3,3,1,1,2,3,1,4,1,4,2,4,2,4,4,4,3,3,5,1,2,4,3,1,3,4,4,3,4,3,4,2,3,4,4,3,30,34,31,29,24,"Oceania"
456,3,16,1,1,1,1,"AU",2,3,3,5,2,3,1,2,5,5,4,3,5,1,4,5,5,5,4,5,1,5,4,5,1,5,1,4,5,4,5,2,5,4,3,4,5,1,5,4,3,1,5,1,5,1,4,4,5,5,35,34,31,38,41,"Oceania"
457,3,48,1,1,1,2,"AU",3,1,5,3,5,1,5,3,3,1,1,5,1,5,1,1,1,1,1,4,1,5,1,5,1,5,1,5,4,5,4,2,3,1,3,4,4,1,3,4,5,1,5,1,4,5,5,4,5,4,33,39,30,29,21,"Oceania"
458,3,17,1,1,1,1,"AU",4,1,5,1,5,1,5,2,5,1,1,4,2,1,1,1,2,2,1,1,2,5,3,4,2,3,2,4,2,3,3,3,4,3,2,4,2,3,3,4,4,1,5,1,4,1,5,4,4,5,30,34,30,31,16,"Oceania"
459,3,18,1,1,1,1,"AU",4,1,5,2,4,2,5,2,4,3,3,3,4,3,2,3,3,2,3,3,2,5,2,5,2,4,1,5,4,4,2,4,4,3,3,3,3,3,2,2,3,2,4,1,3,1,3,4,4,4,34,29,32,29,29,"Oceania"
460,11,19,1,2,1,2,"AU",1,5,4,5,2,5,2,5,5,5,4,2,5,2,1,2,4,1,5,3,2,4,1,4,2,3,4,5,4,3,4,2,1,3,2,1,4,2,5,4,4,2,1,2,3,5,3,3,5,1,32,29,39,28,29,"Oceania"
461,3,49,1,1,1,1,"NZ",3,2,3,2,3,2,3,3,3,3,2,3,2,3,2,2,3,2,2,2,3,3,2,3,2,2,2,3,2,4,2,2,3,2,2,3,2,2,3,3,2,2,3,3,3,2,3,3,3,3,26,27,27,24,23,"Oceania"
462,3,37,1,2,1,2,"AU",5,1,5,1,5,1,4,2,4,1,3,3,3,3,2,2,2,2,3,2,1,5,2,5,2,4,1,4,4,5,4,3,5,2,3,2,4,2,4,4,5,2,4,2,4,2,5,5,4,4,33,37,29,33,25,"Oceania"
463,3,15,1,2,2,2,"AU",2,3,2,4,2,2,2,3,4,5,5,2,5,2,3,4,4,4,3,3,1,5,1,5,2,5,2,4,5,3,3,3,4,3,4,1,3,2,3,3,5,1,5,2,3,1,4,4,5,3,33,33,29,29,35,"Oceania"
464,13,16,1,2,1,1,"AU",1,3,2,3,4,1,1,2,5,5,3,4,4,1,4,3,5,4,5,4,4,2,5,3,2,1,4,3,3,2,2,4,3,5,1,4,2,4,1,3,3,2,3,1,3,2,4,3,3,4,29,28,27,29,37,"Oceania"
465,3,38,1,1,1,1,"AU",1,5,1,5,1,1,1,3,1,5,5,1,5,1,5,5,5,5,5,5,3,3,5,5,1,1,1,3,5,1,3,5,5,5,1,5,5,5,1,5,5,1,5,1,5,1,5,5,5,5,28,38,24,40,42,"Oceania"
466,3,15,1,1,1,1,"AU",1,3,2,5,1,4,1,5,2,5,3,4,3,5,3,2,2,2,2,1,2,2,2,4,1,5,3,4,4,4,4,1,5,3,3,1,5,3,3,4,4,1,3,1,4,3,5,3,4,3,31,31,29,32,27,"Oceania"
467,4,67,2,2,1,1,"AU",1,1,4,1,5,1,3,5,4,2,5,3,5,5,5,5,4,3,1,5,1,5,1,5,1,5,1,5,5,5,1,1,5,1,5,1,4,1,5,5,3,1,1,1,5,1,5,1,4,5,34,27,27,29,41,"Oceania"
468,3,27,1,1,1,1,"AU",4,1,4,1,4,1,4,2,5,2,3,4,3,2,5,2,4,4,5,2,4,3,4,2,5,4,4,1,1,5,1,3,3,2,1,2,4,5,1,1,3,2,4,1,5,1,3,3,3,4,33,29,28,23,34,"Oceania"
469,8,18,2,2,1,3,"AU",5,5,5,5,5,1,5,5,5,5,1,5,1,5,5,5,5,5,5,5,1,4,5,1,5,5,5,5,5,5,5,1,5,5,5,1,5,5,5,5,5,1,5,5,5,5,5,5,5,5,41,46,46,42,42,"Oceania"
470,3,55,1,2,1,1,"AU",3,2,4,3,5,2,4,1,3,3,3,4,5,3,1,1,1,1,1,1,1,5,1,5,1,5,1,5,5,5,4,3,5,1,3,2,5,1,5,4,4,1,4,1,4,1,5,3,5,4,34,32,30,33,21,"Oceania"
471,13,16,1,1,1,1,"AU",1,5,1,5,1,5,1,5,1,5,5,1,5,1,5,5,5,5,5,5,5,1,5,2,3,1,2,1,3,1,1,1,5,5,1,1,5,5,1,1,3,1,5,1,5,1,4,3,5,5,24,33,30,26,42,"Oceania"
472,3,30,1,2,1,2,"AU",4,1,4,2,4,2,4,2,3,2,2,3,3,3,3,3,4,2,4,2,2,4,2,2,2,2,2,3,2,5,2,4,1,2,2,4,2,2,4,3,5,1,5,1,5,2,5,5,5,5,26,39,28,26,29,"Oceania"
473,3,25,1,1,1,5,"AU",3,3,3,4,3,2,2,4,2,3,2,4,3,3,3,2,2,2,2,2,3,5,4,3,3,2,3,4,2,5,5,3,5,1,4,1,5,1,5,5,4,1,4,1,4,1,5,3,5,4,34,32,29,35,25,"Oceania"
474,13,17,1,1,1,5,"AU",3,2,4,2,5,3,2,5,2,3,2,4,1,2,2,1,5,1,2,2,3,3,1,4,2,3,3,3,4,3,3,2,4,3,5,1,4,2,3,3,3,2,5,2,5,1,4,3,2,3,29,30,31,30,22,"Oceania"
475,3,13,1,2,1,1,"AU",3,1,3,3,3,2,3,4,3,3,5,2,5,1,4,5,5,5,5,5,1,5,4,4,1,4,1,4,4,3,2,4,4,5,2,5,1,5,3,3,4,3,5,2,3,2,2,4,5,4,31,34,28,34,42,"Oceania"
476,3,17,1,2,1,5,"AU",2,3,3,3,4,2,4,2,5,3,5,2,5,2,3,3,3,2,5,2,4,3,5,2,4,1,3,2,3,2,5,1,5,1,4,1,5,1,5,5,5,2,5,2,5,1,4,5,4,4,29,37,31,33,32,"Oceania"
477,3,38,1,2,1,1,"AU",3,2,4,3,4,2,3,4,4,3,4,3,5,2,4,4,3,3,4,3,1,4,2,4,2,5,2,4,4,3,4,4,4,2,2,4,3,2,3,3,4,1,4,2,3,2,4,3,4,3,31,30,32,31,35,"Oceania"
478,3,16,1,1,1,5,"AU",3,1,4,3,4,2,3,3,4,5,2,5,2,2,2,3,2,1,2,2,1,2,2,5,2,4,1,4,4,4,4,4,2,2,1,4,2,2,3,2,4,1,4,1,4,3,4,4,5,4,29,34,32,26,23,"Oceania"
479,3,64,1,1,1,2,"AU",4,1,5,2,4,2,5,3,4,3,3,3,4,3,2,3,1,1,4,3,2,5,2,4,2,5,1,4,4,4,5,1,4,1,4,1,5,1,5,5,3,2,3,2,5,1,4,3,4,5,33,32,33,32,27,"Oceania"
480,3,18,1,2,2,1,"AU",4,3,4,2,3,2,4,2,4,5,1,4,2,4,4,2,2,2,2,2,1,5,2,4,2,5,2,4,4,4,2,4,4,2,2,4,4,2,4,3,5,2,5,2,4,2,4,5,4,4,33,37,33,31,25,"Oceania"
481,5,25,2,1,1,2,"AU",2,3,3,3,3,4,3,3,3,3,5,3,4,3,4,4,5,4,4,3,4,3,2,3,2,4,3,4,4,3,3,4,4,2,3,5,4,3,2,3,2,4,4,3,3,3,3,3,4,2,32,31,30,33,39,"Oceania"
482,3,14,1,1,1,1,"AU",2,5,2,5,2,5,2,5,1,4,4,2,5,4,2,3,3,2,3,4,2,5,1,5,1,4,1,4,4,5,1,2,2,3,2,4,3,5,1,3,5,2,3,2,2,2,3,5,5,3,32,32,33,26,32,"Oceania"
483,3,26,1,2,1,1,"AU",1,5,1,5,1,5,1,5,1,5,3,4,5,2,2,4,2,3,3,3,2,3,4,2,4,2,4,2,1,2,3,4,3,3,2,3,4,1,4,5,5,2,5,2,4,1,5,4,4,4,26,36,30,32,31,"Oceania"
484,3,55,1,2,3,2,"AU",2,2,3,2,3,3,3,2,2,5,3,2,4,3,3,3,3,3,3,2,1,5,2,5,2,4,2,4,4,3,3,3,4,3,2,3,4,2,2,4,5,1,5,1,4,1,4,4,5,4,32,34,27,30,29,"Oceania"
485,11,27,1,2,1,1,"AU",1,4,2,5,2,3,2,5,3,5,5,3,4,2,4,4,4,4,4,3,2,4,4,4,2,4,3,4,2,3,5,1,3,2,3,3,5,3,4,3,4,2,5,1,5,1,4,3,5,5,32,35,32,32,37,"Oceania"
486,3,20,1,2,1,1,"NZ",1,4,1,5,1,3,1,5,1,5,4,1,5,1,5,1,5,5,5,4,1,5,1,5,1,2,1,4,5,3,3,4,5,2,1,2,5,3,5,3,5,1,5,1,5,1,5,5,5,5,28,38,27,33,36,"Oceania"
487,3,28,1,1,1,1,"AU",4,2,4,1,5,1,5,3,5,1,2,5,2,5,3,1,1,1,1,1,1,4,1,4,1,5,1,5,4,5,3,4,5,2,1,5,3,3,4,4,4,1,4,1,5,1,5,3,4,5,31,33,31,34,22,"Oceania"
488,3,16,1,1,1,1,"AU",2,1,4,1,5,1,5,2,4,1,4,3,2,4,5,2,2,2,4,2,2,5,4,4,1,3,1,4,5,4,3,4,4,3,3,3,3,3,2,4,5,2,4,2,3,1,5,5,4,3,33,34,26,32,30,"Oceania"
489,3,41,2,2,1,1,"NZ",1,4,2,5,4,5,4,5,1,5,4,2,5,1,5,5,3,3,5,5,2,1,3,3,4,5,4,4,3,4,4,2,5,3,4,1,4,2,4,5,5,1,5,1,5,2,5,5,5,5,33,39,36,34,38,"Oceania"
490,4,14,2,2,1,1,"AU",1,5,1,5,1,5,1,5,5,5,5,3,5,4,3,5,5,5,5,5,5,2,1,4,2,5,3,5,1,5,4,1,4,3,2,3,5,5,3,5,3,5,5,5,3,3,5,1,5,5,33,40,34,35,45,"Oceania"
491,3,16,1,2,1,5,"AU",3,3,4,1,4,3,4,3,2,4,4,2,5,2,3,4,5,4,4,3,4,2,1,2,2,2,2,3,3,3,4,3,4,2,2,3,3,3,3,3,5,2,1,2,4,3,4,5,3,3,24,32,31,30,36,"Oceania"
492,10,17,1,2,3,2,"AU",1,5,1,5,1,4,1,5,1,5,5,2,5,1,3,4,4,5,3,5,2,2,3,4,2,5,3,4,5,4,3,3,4,4,3,3,5,2,4,3,5,3,5,3,3,2,4,5,4,4,34,38,29,34,37,"Oceania"
493,3,70,1,1,1,5,"AU",2,2,4,2,5,2,3,3,2,2,2,4,4,4,2,2,2,1,3,2,2,5,1,3,2,1,2,5,2,4,4,2,5,2,2,2,5,1,4,4,5,1,2,1,4,4,4,4,4,4,27,33,27,31,26,"Oceania"
494,NA,16,1,1,3,1,"AU",3,1,5,3,3,1,5,5,1,5,2,3,3,1,3,1,2,2,3,1,3,5,3,3,4,3,5,4,3,5,1,3,4,1,3,3,5,1,5,3,2,3,5,1,5,1,5,5,3,5,38,35,32,29,21,"Oceania"
495,3,25,1,1,1,1,"AU",2,4,3,4,4,4,2,5,2,4,3,4,4,4,2,2,3,3,3,2,4,3,3,4,2,4,3,4,4,4,2,4,3,3,2,4,4,4,4,4,4,3,4,2,4,2,5,4,4,4,35,36,34,34,30,"Oceania"
496,6,15,1,1,2,5,"AU",2,3,3,4,4,4,3,4,2,4,3,4,3,3,2,3,3,2,3,2,2,4,2,4,2,3,2,4,4,3,2,3,4,2,2,4,4,3,3,4,4,2,3,1,4,4,4,4,3,3,30,32,33,31,28,"Oceania"
497,3,33,1,2,1,5,"AU",3,2,4,2,4,2,2,3,5,4,2,3,4,1,2,1,3,3,5,5,3,3,3,2,4,5,4,3,2,5,5,1,5,2,5,1,5,1,5,5,4,2,4,3,5,1,5,5,5,3,34,37,31,35,29,"Oceania"
498,3,28,1,2,1,5,"NZ",1,3,3,4,3,3,2,3,4,4,2,4,4,2,4,3,4,2,3,3,2,2,4,3,4,3,4,3,4,3,3,3,4,2,3,4,3,2,4,2,3,2,4,2,5,1,3,2,4,4,32,30,30,30,31,"Oceania"
499,6,30,1,2,1,1,"AU",3,2,4,2,5,2,1,2,3,2,2,4,2,2,2,2,2,2,2,4,1,5,2,5,1,5,2,4,5,4,2,5,2,2,2,1,4,2,2,2,5,1,5,1,4,5,5,5,5,5,34,41,26,24,24,"Oceania"
500,3,20,1,1,1,1,"AU",3,3,4,4,4,4,3,2,3,5,4,4,3,3,4,4,5,3,5,3,4,4,2,4,2,5,1,4,4,4,3,5,3,3,1,4,4,2,3,3,4,2,5,2,3,2,3,2,5,4,34,32,35,31,38,"Oceania"
